-- phpMyAdmin SQL Dump
-- version 5.2.1
-- https://www.phpmyadmin.net/
--
-- Host: 127.0.0.1:3306
-- Generation Time: Dec 17, 2024 at 03:25 AM
-- Server version: 8.3.0
-- PHP Version: 8.2.18

SET SQL_MODE = "NO_AUTO_VALUE_ON_ZERO";
START TRANSACTION;
SET time_zone = "+00:00";


/*!40101 SET @OLD_CHARACTER_SET_CLIENT=@@CHARACTER_SET_CLIENT */;
/*!40101 SET @OLD_CHARACTER_SET_RESULTS=@@CHARACTER_SET_RESULTS */;
/*!40101 SET @OLD_COLLATION_CONNECTION=@@COLLATION_CONNECTION */;
/*!40101 SET NAMES utf8mb4 */;

--
-- Database: `crw-database`
--

-- --------------------------------------------------------

--
-- Table structure for table `assessments`
--

DROP TABLE IF EXISTS `assessments`;
CREATE TABLE IF NOT EXISTS `assessments` (
  `id` int NOT NULL AUTO_INCREMENT,
  `title` varchar(255) CHARACTER SET utf8mb4 COLLATE utf8mb4_unicode_ci NOT NULL,
  `date_created` date DEFAULT NULL,
  PRIMARY KEY (`id`)
) ENGINE=InnoDB AUTO_INCREMENT=14 DEFAULT CHARSET=utf8mb4 COLLATE=utf8mb4_unicode_ci;

--
-- Dumping data for table `assessments`
--

INSERT INTO `assessments` (`id`, `title`, `date_created`) VALUES
(1, 'Prelim Exam 1', '2024-12-04'),
(2, 'Example', '2024-12-04'),
(3, 'time-test\r\n', '2024-12-06'),
(4, 'view-test\r\n', '2024-12-07'),
(5, 'testing-view\r\n', '2024-12-07'),
(6, 'asdf', '2024-12-16');

-- --------------------------------------------------------

--
-- Table structure for table `assessment_drafts`
--

DROP TABLE IF EXISTS `assessment_drafts`;
CREATE TABLE IF NOT EXISTS `assessment_drafts` (
  `id` int NOT NULL AUTO_INCREMENT,
  `student_id` int NOT NULL,
  `assessment_id` int NOT NULL,
  `answers` json NOT NULL,
  `last_updated` timestamp NULL DEFAULT CURRENT_TIMESTAMP,
  PRIMARY KEY (`id`),
  KEY `student_id` (`student_id`),
  KEY `assessment_id` (`assessment_id`)
) ENGINE=InnoDB AUTO_INCREMENT=37 DEFAULT CHARSET=utf8mb4 COLLATE=utf8mb4_general_ci;

-- --------------------------------------------------------

--
-- Table structure for table `assessment_questions`
--

DROP TABLE IF EXISTS `assessment_questions`;
CREATE TABLE IF NOT EXISTS `assessment_questions` (
  `assessment_id` int NOT NULL,
  `question_id` int NOT NULL,
  PRIMARY KEY (`assessment_id`,`question_id`),
  KEY `question_id` (`question_id`)
) ENGINE=InnoDB DEFAULT CHARSET=utf8mb4 COLLATE=utf8mb4_unicode_ci;

--
-- Dumping data for table `assessment_questions`
--

INSERT INTO `assessment_questions` (`assessment_id`, `question_id`) VALUES
(6, 1),
(1, 2),
(2, 2),
(3, 2),
(5, 2),
(6, 2),
(1, 3),
(2, 3),
(3, 3),
(6, 3),
(1, 4),
(2, 4),
(3, 4),
(6, 4),
(1, 5),
(3, 5),
(5, 5),
(6, 5),
(1, 6),
(1, 7),
(5, 7),
(1, 8),
(1, 9),
(1, 12),
(4, 12),
(5, 12),
(1, 13),
(5, 13),
(1, 14),
(4, 14),
(1, 15),
(5, 15),
(1, 16),
(4, 16),
(1, 17),
(1, 18),
(1, 19),
(1, 20),
(1, 21),
(1, 22),
(1, 23),
(1, 24),
(1, 25),
(1, 26),
(1, 27),
(1, 28),
(1, 29),
(1, 30);

-- --------------------------------------------------------

--
-- Table structure for table `assessment_results`
--

DROP TABLE IF EXISTS `assessment_results`;
CREATE TABLE IF NOT EXISTS `assessment_results` (
  `id` int NOT NULL,
  `student_id` int NOT NULL,
  `assessment_id` int NOT NULL,
  `topic_id` int NOT NULL,
  `score` int NOT NULL,
  PRIMARY KEY (`id`),
  KEY `student_id` (`student_id`),
  KEY `assessment_id` (`assessment_id`),
  KEY `topic_id` (`topic_id`)
) ENGINE=InnoDB DEFAULT CHARSET=utf8mb4 COLLATE=utf8mb4_general_ci;

--
-- Dumping data for table `assessment_results`
--

INSERT INTO `assessment_results` (`id`, `student_id`, `assessment_id`, `topic_id`, `score`) VALUES
(1, 1, 3, 1, 6),
(2, 1, 1, 1, 24),
(3, 1, 2, 1, 2),
(4, 4, 3, 1, 1),
(5, 4, 1, 1, 13),
(6, 4, 2, 1, 3),
(7, 5, 3, 1, 7),
(8, 5, 2, 1, 5),
(9, 1, 6, 6, 7),
(10, 2, 6, 6, 0);

-- --------------------------------------------------------

--
-- Table structure for table `choices`
--

DROP TABLE IF EXISTS `choices`;
CREATE TABLE IF NOT EXISTS `choices` (
  `id` int NOT NULL AUTO_INCREMENT,
  `text` text CHARACTER SET utf8mb4 COLLATE utf8mb4_unicode_ci,
  `question_id` int DEFAULT NULL,
  `is_answer` char(1) CHARACTER SET utf8mb4 COLLATE utf8mb4_unicode_ci DEFAULT '0',
  PRIMARY KEY (`id`),
  KEY `choices_ibfk_1` (`question_id`)
) ENGINE=InnoDB AUTO_INCREMENT=599 DEFAULT CHARSET=utf8mb4 COLLATE=utf8mb4_unicode_ci;

--
-- Dumping data for table `choices`
--

INSERT INTO `choices` (`id`, `text`, `question_id`, `is_answer`) VALUES
(2, 'A. Apple', 2, 'N'),
(3, 'B. Microsoft', 2, 'N'),
(4, 'C. Google', 2, 'Y'),
(5, 'D. Samsung', 2, 'N'),
(6, 'A. Store data', 3, 'N'),
(7, 'B. Connect different networks', 3, 'Y'),
(8, 'C. Print documents', 3, 'N'),
(9, 'D. Run applications', 3, 'N'),
(10, 'A. Python', 4, 'N'),
(11, 'B. Java', 4, 'N'),
(12, 'C. JavaScript', 4, 'Y'),
(13, 'D. C++', 4, 'N'),
(14, 'Structured Query Language', 5, 'Y'),
(15, 'A. Dropbox', 6, 'Y'),
(16, 'B. Windows', 6, 'N'),
(17, 'C. Adobe Photoshop', 6, 'N'),
(18, 'D. Microsoft Word', 6, 'N'),
(19, 'A. Manage hardware and software resources', 7, 'Y'),
(20, 'B. Create web pages', 7, 'N'),
(21, 'C. Store files', 7, 'N'),
(22, 'D. Send emails', 7, 'N'),
(23, 'A. Git', 8, 'Y'),
(24, 'B. HTML', 8, 'N'),
(25, 'C. CSS', 8, 'N'),
(26, 'D. Java', 8, 'N'),
(27, 'Virtual Private Network', 9, 'Y'),
(28, 'A. To filter incoming and outgoing traffic', 10, 'Y'),
(29, 'B. To speed up internet connection', 10, 'N'),
(30, 'C. To store data', 10, 'N'),
(31, 'D. To connect devices', 10, 'N'),
(32, 'TRUE', 11, 'Y'),
(33, 'FALSE', 11, 'N'),
(34, 'TRUE', 12, 'Y'),
(35, 'FALSE', 12, 'N'),
(36, 'Internet Protocol', 13, 'Y'),
(37, 'TRUE', 14, 'N'),
(38, 'FALSE', 14, 'Y'),
(39, 'A. Modem', 15, 'N'),
(40, 'B. Router', 15, 'Y'),
(41, 'C. Printer', 15, 'N'),
(42, 'D. Monitor', 15, 'N'),
(43, 'TRUE', 16, 'Y'),
(44, 'FALSE', 16, 'N'),
(45, '80', 17, 'Y'),
(46, 'TRUE', 18, 'N'),
(47, 'FALSE', 18, 'Y'),
(48, 'A. Object-Oriented', 19, 'Y'),
(49, 'B. Cloud Computing', 19, 'N'),
(50, 'C. Data Analysis', 19, 'N'),
(51, 'D. Network Security', 19, 'N'),
(52, 'Graphical User Interface', 20, 'Y'),
(53, 'TRUE', 21, 'N'),
(54, 'FALSE', 21, 'Y'),
(55, 'Cascading Style Sheets', 22, 'Y'),
(56, 'TRUE', 23, 'Y'),
(57, 'FALSE', 23, 'N'),
(58, 'A. FTP', 24, 'N'),
(59, 'B. HTTP', 24, 'N'),
(60, 'C. HTTPS', 24, 'Y'),
(61, 'D. SMTP', 24, 'N'),
(62, 'TRUE', 25, 'N'),
(63, 'FALSE', 25, 'Y'),
(64, 'Swift', 26, 'Y'),
(65, 'A. Virus', 27, 'Y'),
(66, 'B. Firewall', 27, 'N'),
(67, 'C. Router', 27, 'N'),
(68, 'D. Switch', 27, 'N'),
(69, 'Domain Name System', 28, 'Y'),
(70, 'TRUE', 29, 'N'),
(71, 'FALSE', 29, 'Y'),
(72, 'A. AWS S3', 30, 'Y'),
(73, 'B. Local hard drive', 30, 'N'),
(74, 'C. USB flash drive', 30, 'N'),
(75, 'D. CD-ROM', 30, 'N'),
(76, 'TRUE', 31, 'Y'),
(77, 'FALSE', 31, 'N'),
(78, 'O(1)', 32, 'Y'),
(79, 'TRUE', 33, 'Y'),
(80, 'FALSE', 33, 'N'),
(81, 'A. Array', 34, 'N'),
(82, 'B. Linked List', 34, 'N'),
(83, 'C. Stack', 34, 'N'),
(84, 'D. Graph', 34, 'Y'),
(85, 'O(n)', 35, 'Y'),
(86, 'TRUE', 36, 'N'),
(87, 'FALSE', 36, 'Y'),
(88, 'Queue', 37, 'Y'),
(89, 'Associative Array', 38, 'Y'),
(90, 'TRUE', 39, 'N'),
(91, 'FALSE', 39, 'Y'),
(92, 'A. Pre-order', 40, 'Y'),
(93, 'B. In-order', 40, 'Y'),
(94, 'C. Post-order', 40, 'Y'),
(95, 'D. Level-order', 40, 'Y'),
(96, 'TRUE', 41, 'Y'),
(97, 'FALSE', 41, 'N'),
(98, 'O(n + m)', 42, 'Y'),
(99, 'TRUE', 43, 'Y'),
(100, 'FALSE', 43, 'N'),
(101, 'A. Queue', 44, 'N'),
(102, 'B. Array', 44, 'N'),
(103, 'C. Stack', 44, 'Y'),
(104, 'D. Linked List', 44, 'N'),
(105, 'TRUE', 45, 'Y'),
(106, 'FALSE', 45, 'N'),
(107, 'O(n log n)', 46, 'Y'),
(108, 'A. Breadth-First Search (BFS)', 47, 'N'),
(109, 'B. Depth-First Search (DFS)', 47, 'N'),
(110, 'C. Dijkstra’s Algorithm', 47, 'Y'),
(111, 'D. Kruskal’s Algorithm', 47, 'N'),
(112, 'TRUE', 48, 'Y'),
(113, 'FALSE', 48, 'N'),
(114, 'In-order traversal', 49, 'Y'),
(115, 'TRUE', 50, 'Y'),
(116, 'FALSE', 50, 'N'),
(117, 'TRUE', 51, 'Y'),
(118, 'FALSE', 51, 'N'),
(119, 'TRUE', 52, 'Y'),
(120, 'FALSE', 52, 'N'),
(121, 'A. Edema', 53, 'N'),
(122, 'B. Dry mouth', 53, 'Y'),
(123, 'C. Increased urination', 53, 'N'),
(124, 'D. Weight gain', 53, 'N'),
(125, '90 degrees', 54, 'Y'),
(126, 'TRUE', 55, 'Y'),
(127, 'FALSE', 55, 'N'),
(128, 'A. Aspirin', 56, 'N'),
(129, 'B. Warfarin', 56, 'Y'),
(130, 'C. Acetaminophen', 56, 'N'),
(131, 'D. Ibuprofen', 56, 'N'),
(132, 'TRUE', 57, 'Y'),
(133, 'FALSE', 57, 'N'),
(134, 'Pulse', 58, 'Y'),
(135, 'TRUE', 59, 'Y'),
(136, 'FALSE', 59, 'N'),
(137, 'A. Constipation', 60, 'Y'),
(138, 'B. Diarrhea', 60, 'N'),
(139, 'C. Increased appetite', 60, 'N'),
(140, 'D. Insomnia', 60, 'N'),
(193, 'Turning and repositioning the patient regularly', 61, 'Y'),
(194, 'Providing a high-protein diet', 61, 'N'),
(195, 'Sodium', 62, 'Y'),
(196, 'Potassium', 62, 'N'),
(197, 'To prevent contamination', 63, 'Y'),
(198, 'To keep hands warm', 63, 'N'),
(199, 'A. Metformin', 64, 'Y'),
(200, 'B. Insulin', 64, 'N'),
(201, 'C. Lisinopril', 64, 'N'),
(202, 'D. Atorvastatin', 64, 'N'),
(203, 'Complete Blood Count', 65, 'Y'),
(204, 'Chronic Bronchitis Condition', 65, 'N'),
(205, 'A. Swelling', 66, 'Y'),
(206, 'B. Chest pain', 66, 'N'),
(207, 'C. Headache', 66, 'N'),
(208, 'D. Nausea', 66, 'N'),
(209, 'A. Vital signs', 67, 'N'),
(210, 'B. Surgical site', 67, 'Y'),
(211, 'C. Mental status', 67, 'N'),
(212, 'D. Patient\'s diet', 67, 'N'),
(213, 'Gown, mask, gloves', 68, 'Y'),
(214, 'Mask, gown, gloves', 68, 'N'),
(215, 'A. 10-20 breaths per minute', 70, 'Y'),
(216, 'B. 15-25 breaths per minute', 70, 'N'),
(217, 'C. 20-30 breaths per minute', 70, 'N'),
(218, 'D. 25-35 breaths per minute', 70, 'N'),
(219, 'To provide emotional support', 71, 'N'),
(220, 'To teach patients about their conditions', 71, 'Y'),
(221, 'A. Nausea', 72, 'Y'),
(222, 'B. Diarrhea', 72, 'N'),
(223, 'C. Dizziness', 72, 'N'),
(224, 'D. Headache', 72, 'N'),
(225, 'Activities of Daily Living', 73, 'Y'),
(226, 'Assisted Daily Living', 73, 'N'),
(227, 'A. 90/60 mmHg to 120/80 mmHg', 74, 'Y'),
(228, 'B. 100/70 mmHg to 130/90 mmHg', 74, 'N'),
(229, 'C. 110/80 mmHg to 140/100 mmHg', 74, 'N'),
(230, 'D. 120/80 mmHg to 150/90 mmHg', 74, 'N'),
(231, 'A. When hands are visibly dirty', 75, 'Y'),
(232, 'B. Before entering a patient’s room', 75, 'N'),
(233, 'C. After using gloves', 75, 'N'),
(234, 'D. Before giving medication', 75, 'N'),
(235, 'Using a pain scale', 76, 'Y'),
(236, 'Checking vital signs', 76, 'N'),
(237, 'A. Sweating', 77, 'Y'),
(238, 'B. Increased thirst', 77, 'N'),
(239, 'C. Blurred vision', 77, 'N'),
(240, 'D. Frequent urination', 77, 'N'),
(241, 'To provide a framework for patient care', 78, 'Y'),
(242, 'To assess patient needs', 78, 'N'),
(243, 'A. Infection', 79, 'Y'),
(244, 'B. Hypertension', 79, 'N'),
(245, 'C. Diabetes', 79, 'N'),
(246, 'D. Asthma', 79, 'N'),
(247, 'A. Administer oxygen', 80, 'Y'),
(248, 'B. Increase the patient\'s activity level', 80, 'N'),
(249, 'C. Monitor blood pressure', 80, 'N'),
(250, 'D. Encourage deep breathing exercises', 80, 'N'),
(251, 'To ensure patient safety', 81, 'N'),
(252, 'To guide nursing interventions', 81, 'Y'),
(253, 'A. Hand hygiene', 82, 'Y'),
(254, 'B. Wearing masks', 82, 'N'),
(255, 'C. Using gloves', 82, 'N'),
(256, 'D. Cleaning surfaces', 82, 'N'),
(257, 'A. Pulmonary embolism', 83, 'Y'),
(258, 'B. Anxiety', 83, 'N'),
(259, 'C. Myocardial infarction', 83, 'Y'),
(260, 'D. Heartburn', 83, 'N'),
(261, 'Activities between 60-100 bpm', 84, 'Y'),
(262, 'Activities below 60 bpm', 84, 'N'),
(263, 'A. Low sodium diet', 85, 'Y'),
(264, 'B. High potassium diet', 85, 'N'),
(265, 'C. High fiber diet', 85, 'N'),
(266, 'D. Low carbohydrate diet', 85, 'N'),
(267, 'A. Palpate the artery', 86, 'Y'),
(268, 'B. Place the cuff on the arm', 86, 'N'),
(269, 'C. Pump the cuff to 180 mmHg', 86, 'N'),
(270, 'D. Release the pressure slowly', 86, 'N'),
(271, 'A. Fatigue', 87, 'Y'),
(272, 'B. Weight gain', 87, 'N'),
(273, 'C. Increased urination', 87, 'N'),
(274, 'D. Dry skin', 87, 'Y'),
(275, 'To promote healing', 88, 'Y'),
(276, 'To assess for infection', 88, 'N'),
(277, 'A. Bleeding', 89, 'Y'),
(278, 'B. Infection', 89, 'Y'),
(279, 'C. Pain', 89, 'N'),
(280, 'D. Increased blood pressure', 89, 'N'),
(281, 'It means patients understand the procedure', 90, 'Y'),
(282, 'It means patients agree without understanding', 90, 'N'),
(283, 'To provide information to the healthcare team', 91, 'N'),
(284, 'To ensure the patient’s rights are respected', 91, 'Y'),
(285, 'A. Document the refusal', 92, 'Y'),
(286, 'B. Force the medication', 92, 'N'),
(287, 'C. Ignore the refusal', 92, 'N'),
(288, 'D. Call the physician', 92, 'N'),
(289, 'A. Pressure ulcers', 93, 'Y'),
(290, 'B. Diarrhea', 93, 'N'),
(291, 'C. Dehydration', 93, 'N'),
(292, 'D. Anemia', 93, 'N'),
(293, 'Situation, Background, Assessment, Recommendation', 94, 'Y'),
(294, 'Stop, Breathe, Assess, Respond', 94, 'N'),
(295, 'A. Pulse rate', 95, 'N'),
(296, 'B. Respiratory rate', 95, 'Y'),
(297, 'C. Blood pressure', 95, 'N'),
(298, 'D. Temperature', 95, 'N'),
(299, '97.6°F to 99.6°F', 96, 'Y'),
(300, '95°F to 100°F', 96, 'N'),
(301, 'A. To build trust and rapport', 97, 'Y'),
(302, 'B. To maintain distance', 97, 'N'),
(303, 'C. To evaluate the patient', 97, 'N'),
(304, 'D. To ensure compliance', 97, 'N'),
(305, 'A. To supervise the staff', 98, 'N'),
(306, 'B. To manage patient care', 98, 'Y'),
(307, 'C. To take patient histories', 98, 'N'),
(308, 'D. To perform assessments', 98, 'N'),
(309, 'A. Monitor neurological status', 99, 'Y'),
(310, 'B. Administer medications', 99, 'N'),
(311, 'C. Provide emotional support', 99, 'N'),
(312, 'D. Assess vital signs', 99, 'N'),
(313, 'By providing reassurance and information', 100, 'Y'),
(314, 'By dismissing their concerns', 100, 'N'),
(315, 'V = IR', 101, 'Y'),
(316, 'P = VI', 101, 'N'),
(317, 'A. Copper', 102, 'Y'),
(318, 'B. Aluminum', 102, 'N'),
(319, 'C. Iron', 102, 'N'),
(320, 'D. Gold', 102, 'N'),
(321, 'To increase or decrease voltage levels', 103, 'Y'),
(322, 'To convert AC to DC', 103, 'N'),
(323, 'A. To prevent overload', 104, 'Y'),
(324, 'B. To increase current', 104, 'N'),
(325, 'C. To measure voltage', 104, 'N'),
(326, 'D. To filter noise', 104, 'N'),
(327, 'Thevenin’s Theorem', 105, 'Y'),
(328, 'Norton’s Theorem', 105, 'N'),
(329, 'A. Total opposition to current flow', 106, 'Y'),
(330, 'B. Resistance in a circuit', 106, 'N'),
(331, 'C. Current in a circuit', 106, 'N'),
(332, 'D. Voltage in a circuit', 106, 'N'),
(333, 'A. 1', 107, 'Y'),
(334, 'B. 0', 107, 'N'),
(335, 'C. -1', 107, 'N'),
(336, 'D. Infinity', 107, 'N'),
(337, 'A. Resistor', 108, 'N'),
(338, 'B. Capacitor', 108, 'Y'),
(339, 'C. Inductor', 108, 'N'),
(340, 'D. Diode', 108, 'N'),
(341, 'The generation of voltage due to a changing magnetic field', 109, 'Y'),
(342, 'The resistance of a material to electric flow', 109, 'N'),
(343, 'To control various functions in electronic devices', 110, 'Y'),
(344, 'To amplify signals', 110, 'N'),
(345, 'The sum of the voltages around a closed loop equals zero', 111, 'Y'),
(346, 'The voltage across a circuit is constant', 111, 'N'),
(347, 'A. It allows current to flow in one direction', 112, 'Y'),
(348, 'B. It allows current to flow in both directions', 112, 'N'),
(349, 'C. It stores electrical energy', 112, 'N'),
(350, 'D. It converts AC to DC', 112, 'N'),
(351, 'A. Resistor', 113, 'N'),
(352, 'B. Inductor', 113, 'N'),
(353, 'C. Capacitor', 113, 'Y'),
(354, 'D. Transistor', 113, 'N'),
(355, 'To visualize electrical signals', 114, 'Y'),
(356, 'To measure resistance', 114, 'N'),
(357, 'To amplify signals', 114, 'N'),
(358, 'To filter noise', 114, 'N'),
(359, 'A. Sine wave', 115, 'N'),
(360, 'B. Square wave', 115, 'Y'),
(361, 'C. Triangle wave', 115, 'N'),
(362, 'D. Sawtooth wave', 115, 'N'),
(363, 'Alternating current has a constant direction', 116, 'N'),
(364, 'Direct current flows in both directions', 116, 'N'),
(365, 'A. Farad', 117, 'Y'),
(366, 'B. Ohm', 117, 'N'),
(367, 'C. Volt', 117, 'N'),
(368, 'D. Watt', 117, 'N'),
(369, 'To amplify voltage signals', 118, 'Y'),
(370, 'To convert DC to AC', 118, 'N'),
(371, 'Ohm’s Law', 119, 'Y'),
(372, 'Kirchhoff’s Current Law', 119, 'N'),
(373, 'To provide a safe path for excess current', 120, 'Y'),
(374, 'To increase voltage levels', 120, 'N'),
(375, 'A. A device that performs logic operations', 121, 'Y'),
(376, 'B. A type of capacitor', 121, 'N'),
(377, 'C. A type of inductor', 121, 'N'),
(378, 'D. A type of resistor', 121, 'N'),
(379, 'A. 0V', 122, 'N'),
(380, 'B. 5V', 122, 'Y'),
(381, 'C. 10V', 122, 'N'),
(382, 'D. -5V', 122, 'N'),
(383, 'To convert AC to DC', 123, 'Y'),
(384, 'To filter signals', 123, 'N'),
(385, 'A. The number of cycles per second', 124, 'Y'),
(386, 'B. The amount of voltage', 124, 'N'),
(387, 'C. The resistance of a circuit', 124, 'N'),
(388, 'D. The power consumption', 124, 'N'),
(389, 'A. Series circuit', 125, 'N'),
(390, 'B. Parallel circuit', 125, 'N'),
(391, 'C. Mixed circuit', 125, 'Y'),
(392, 'D. Simple circuit', 125, 'N'),
(393, 'To protect the circuit from overload', 126, 'Y'),
(394, 'To increase voltage', 126, 'N'),
(395, 'A. Transformer', 127, 'Y'),
(396, 'B. Resistor', 127, 'N'),
(397, 'C. Capacitor', 127, 'N'),
(398, 'D. Diode', 127, 'N'),
(399, 'A. To measure voltage', 128, 'N'),
(400, 'B. To measure current', 128, 'Y'),
(401, 'C. To measure resistance', 128, 'N'),
(402, 'D. To measure power', 128, 'N'),
(403, 'To reduce voltage levels', 129, 'Y'),
(404, 'To amplify signals', 129, 'N'),
(405, 'Digital signals are continuous', 130, 'N'),
(406, 'Analog signals can take on any value', 130, 'Y'),
(407, 'To store electrical energy', 131, 'Y'),
(408, 'To dissipate electrical energy', 131, 'N'),
(409, 'A. The reference point for measuring voltage', 132, 'Y'),
(410, 'B. The point of highest voltage', 132, 'N'),
(411, 'C. The point of lowest current', 132, 'N'),
(412, 'D. The connection point for ground wires', 132, 'N'),
(413, 'A. Transistor', 133, 'Y'),
(414, 'B. Resistor', 133, 'N'),
(415, 'C. Capacitor', 133, 'N'),
(416, 'D. Inductor', 133, 'N'),
(417, 'To isolate different parts of a circuit', 134, 'Y'),
(418, 'To measure current', 134, 'N'),
(419, 'A. A fuse can be reset', 135, 'N'),
(420, 'B. A circuit breaker can be reset', 135, 'Y'),
(421, 'C. Both serve the same purpose', 135, 'N'),
(422, 'D. A fuse is more reliable than a circuit breaker', 135, 'N'),
(423, 'To improve energy efficiency', 136, 'Y'),
(424, 'To reduce power losses', 136, 'Y'),
(425, 'To stabilize voltage levels', 137, 'Y'),
(426, 'To generate voltage', 137, 'N'),
(427, 'A flip-flop is a memory device', 138, 'Y'),
(428, 'A flip-flop is a type of amplifier', 138, 'N'),
(429, 'A. To amplify AC signals', 139, 'N'),
(430, 'B. To provide phase shift', 139, 'N'),
(431, 'C. To amplify both AC and DC signals', 139, 'Y'),
(432, 'D. To filter noise', 139, 'N'),
(433, 'To store electrical energy', 140, 'N'),
(434, 'To oppose changes in current', 140, 'Y'),
(435, '120V', 141, 'Y'),
(436, '240V', 141, 'N'),
(437, 'A. AC', 142, 'Y'),
(438, 'B. DC', 142, 'N'),
(439, 'C. Pulsating current', 142, 'N'),
(440, 'D. High frequency current', 142, 'N'),
(441, 'A. To convert digital signals to analog', 143, 'Y'),
(442, 'B. To measure voltage', 143, 'N'),
(443, 'C. To amplify signals', 143, 'N'),
(444, 'D. To store electrical energy', 143, 'N'),
(445, 'To reduce size and improve reliability', 144, 'Y'),
(446, 'To increase power consumption', 144, 'N'),
(447, 'A. Relay', 145, 'Y'),
(448, 'B. Fuse', 145, 'N'),
(449, 'C. Resistor', 145, 'N'),
(450, 'D. Capacitor', 145, 'N'),
(451, 'A. A temporary increase in voltage', 146, 'Y'),
(452, 'B. A permanent voltage increase', 146, 'N'),
(453, 'A. To maintain synchronization', 147, 'Y'),
(454, 'B. To store energy', 147, 'N'),
(455, 'C. To provide maximum torque', 147, 'N'),
(456, 'D. To reduce voltage', 147, 'N'),
(457, 'A. A fault in a circuit', 148, 'Y'),
(458, 'B. A high resistance connection', 148, 'N'),
(459, 'To protect against voltage spikes', 149, 'Y'),
(460, 'To measure current', 149, 'N'),
(461, 'A. It indicates power loss', 150, 'Y'),
(462, 'B. It indicates voltage level', 150, 'N'),
(463, 'Assets = Liabilities + Equity', 151, 'Y'),
(464, 'Assets + Liabilities = Equity', 151, 'N'),
(465, 'A. Cash', 152, 'Y'),
(466, 'B. Equipment', 152, 'N'),
(467, 'C. Accounts Payable', 152, 'N'),
(468, 'D. Long-term Investments', 152, 'N'),
(469, 'Generally Accepted Accounting Principles', 153, 'Y'),
(470, 'Gross Accounting And Profit', 153, 'N'),
(471, 'To show a company’s financial position', 154, 'Y'),
(472, 'To record cash transactions', 154, 'N'),
(473, 'The income statement', 155, 'Y'),
(474, 'The statement of cash flows', 155, 'N'),
(475, 'A reduction in the value of an asset', 156, 'Y'),
(476, 'An increase in asset value', 156, 'N'),
(477, 'The balances of all accounts', 157, 'Y'),
(478, 'The total assets of a company', 157, 'N'),
(479, 'A. Accumulated Depreciation', 158, 'Y'),
(480, 'B. Accounts Receivable', 158, 'N'),
(481, 'C. Prepaid Expenses', 158, 'N'),
(482, 'D. Inventory', 158, 'N'),
(483, 'Recognizing revenue when it is earned, regardless of cash flow', 159, 'Y'),
(484, 'Recognizing revenue only when cash is received', 159, 'N'),
(485, 'To safeguard assets and ensure accuracy of financial reporting', 160, 'Y'),
(486, 'To maximize profits', 160, 'N'),
(487, 'Accounts payable represents money owed to suppliers', 161, 'Y'),
(488, 'Accounts receivable represents money owed by customers', 161, 'Y'),
(489, 'To provide independent assessment of financial statements', 162, 'Y'),
(490, 'To manage financial records', 162, 'N'),
(491, 'Matching expenses with revenues in the same period', 163, 'Y'),
(492, 'Recognizing expenses when cash is paid', 163, 'N'),
(493, 'A record of all financial transactions', 164, 'Y'),
(494, 'A summary of cash flows', 164, 'N'),
(495, 'A. Rent expense', 165, 'Y'),
(496, 'B. Equipment purchase', 165, 'N'),
(497, 'C. Inventory purchase', 165, 'N'),
(498, 'D. Long-term investment', 165, 'N'),
(499, 'A financial statement showing cash inflows and outflows', 166, 'Y'),
(500, 'A summary of all assets', 166, 'N'),
(501, 'To plan and control financial resources', 167, 'Y'),
(502, 'To maximize profits', 167, 'N'),
(503, 'Revenue is recognized when earned, not necessarily when received', 168, 'Y'),
(504, 'Revenue is recognized only when cash is received', 168, 'N'),
(505, 'A sole proprietorship has unlimited liability', 169, 'Y'),
(506, 'A corporation is owned by one individual', 169, 'N'),
(507, 'To evaluate financial health and performance', 170, 'Y'),
(508, 'To determine tax obligations', 170, 'N'),
(509, 'A summary of all debits and credits', 171, 'Y'),
(510, 'A financial statement showing only assets', 171, 'N'),
(511, 'The income statement', 172, 'Y'),
(512, 'The statement of changes in equity', 172, 'N'),
(513, 'First In, First Out', 173, 'Y'),
(514, 'Fast Inventory First Out', 173, 'N'),
(515, 'A. Current Ratio', 174, 'Y'),
(516, 'B. Gross Margin', 174, 'N'),
(517, 'C. Debt to Equity Ratio', 174, 'N'),
(518, 'D. Net Profit Margin', 174, 'N'),
(519, 'A cost that is not directly related to operations', 175, 'Y'),
(520, 'A cost that is incurred during production', 175, 'N'),
(521, 'To provide information about cash inflows and outflows', 176, 'Y'),
(522, 'To summarize revenue and expenses', 176, 'N'),
(523, 'Revenue recognition principle', 177, 'Y'),
(524, 'Cost principle', 177, 'N'),
(525, 'To provide information for external users', 178, 'Y'),
(526, 'To assist management in decision making', 178, 'N'),
(527, 'Earnings Before Interest, Taxes, Depreciation, and Amortization', 179, 'Y'),
(528, 'Equity Before Interest, Taxes, Depreciation, and Amortization', 179, 'N'),
(529, 'A financial statement audit', 180, 'Y'),
(530, 'A compliance audit', 180, 'N'),
(531, 'It measures how efficiently a company collects receivables', 181, 'Y'),
(532, 'It measures profitability', 181, 'N'),
(533, 'An intangible asset that arises when a company acquires another', 182, 'Y'),
(534, 'A physical asset owned by the company', 182, 'N'),
(535, 'Accrual basis recognizes revenue when earned', 183, 'Y'),
(536, 'Cash basis recognizes revenue when received', 183, 'Y'),
(537, 'The difference between budgeted and actual amounts', 184, 'Y'),
(538, 'The difference between revenues and expenses', 184, 'N'),
(539, 'A. Debt to Equity Ratio', 185, 'Y'),
(540, 'B. Return on Assets', 185, 'N'),
(541, 'C. Current Ratio', 185, 'N'),
(542, 'D. Gross Profit Margin', 185, 'N'),
(543, 'The ability to meet short-term obligations', 186, 'Y'),
(544, 'The profitability of a company', 186, 'N'),
(545, 'A detailed record of individual transactions', 187, 'Y'),
(546, 'A summary of account balances', 187, 'N'),
(547, 'To set international accounting standards', 188, 'Y'),
(548, 'To enforce tax regulations', 188, 'N'),
(549, 'Cash transactions from primary operations', 189, 'Y'),
(550, 'Investing activities', 189, 'N'),
(551, 'To assess short-term financial health', 190, 'Y'),
(552, 'To evaluate long-term profitability', 190, 'N'),
(553, 'To summarize revenues and expenses over a period', 191, 'Y'),
(554, 'To report cash flow', 191, 'N'),
(555, 'A listing of all accounts used by a company', 192, 'Y'),
(556, 'A summary of all financial transactions', 192, 'N'),
(557, 'To provide relevant financial information to users', 193, 'Y'),
(558, 'To maximize profits', 193, 'N'),
(559, 'A. Long-term Debt', 194, 'Y'),
(560, 'B. Accounts Payable', 194, 'N'),
(561, 'C. Accrued Liabilities', 194, 'N'),
(562, 'D. Cash', 194, 'N'),
(563, 'Fixed costs remain constant, while variable costs change with production', 195, 'Y'),
(564, 'Fixed costs vary, while variable costs remain constant', 195, 'N'),
(565, 'To establish financial accounting standards', 196, 'Y'),
(566, 'To enforce tax laws', 196, 'N'),
(567, 'To ensure expenses are not overstated or revenues understated', 197, 'Y'),
(568, 'To maximize profit', 197, 'N'),
(569, 'A projection of future financial outcomes', 198, 'Y'),
(570, 'A report of past financial performance', 198, 'N'),
(571, 'Expenses are recorded when they are incurred, regardless of cash flow', 199, 'Y'),
(572, 'Expenses are recorded when cash is paid', 199, 'N'),
(573, 'False', 201, 'Y'),
(574, 'True', 201, 'N'),
(598, 'HyperText Transfer Protocol', 1, 'Y');

-- --------------------------------------------------------

--
-- Table structure for table `classes`
--

DROP TABLE IF EXISTS `classes`;
CREATE TABLE IF NOT EXISTS `classes` (
  `id` int NOT NULL AUTO_INCREMENT,
  `class_code` varchar(20) CHARACTER SET utf8mb4 COLLATE utf8mb4_general_ci NOT NULL,
  `program_id` int DEFAULT NULL,
  `faculty_id` int DEFAULT NULL,
  `sem` tinyint DEFAULT NULL,
  `AY` varchar(9) CHARACTER SET utf8mb4 COLLATE utf8mb4_general_ci DEFAULT NULL,
  PRIMARY KEY (`id`),
  UNIQUE KEY `class_code` (`class_code`),
  UNIQUE KEY `idx_class_code` (`class_code`),
  KEY `program_id` (`program_id`),
  KEY `faculty_id` (`faculty_id`)
) ENGINE=InnoDB AUTO_INCREMENT=71 DEFAULT CHARSET=utf8mb4 COLLATE=utf8mb4_general_ci;

--
-- Dumping data for table `classes`
--

INSERT INTO `classes` (`id`, `class_code`, `program_id`, `faculty_id`, `sem`, `AY`) VALUES
(1, '9400', 1, 3, 1, '2020-2021'),
(2, '9401', 1, 3, 1, '2020-2021'),
(3, '9402', 1, 3, 2, '2020-2021'),
(4, '9403', 1, 3, 1, '2021-2022'),
(5, '9404', 1, 3, 2, '2021-2022'),
(6, '9405', 1, 3, 3, '2021-2022'),
(7, '9406', 1, 3, 1, '2022-2023'),
(8, '9407', 1, 3, 2, '2022-2023'),
(9, '9408', 1, 3, 1, '2023-2024'),
(10, '9409', 1, 3, 2, '2023-2024'),
(11, '9500', 2, 11, 1, '2020-2021'),
(12, '9501', 2, 11, 1, '2020-2021'),
(13, '9502', 2, 11, 2, '2020-2021'),
(14, '9503', 2, 11, 1, '2021-2022'),
(15, '9504', 2, 11, 2, '2021-2022'),
(16, '9505', 2, 11, 3, '2021-2022'),
(17, '9506', 2, 11, 1, '2022-2023'),
(18, '9507', 2, 11, 2, '2022-2023'),
(19, '9508', 2, 11, 1, '2023-2024'),
(20, '9509', 2, 11, 2, '2023-2024'),
(21, '9600', 3, 12, 1, '2020-2021'),
(22, '9601', 3, 12, 1, '2020-2021'),
(23, '9602', 3, 12, 2, '2020-2021'),
(24, '9603', 3, 12, 1, '2021-2022'),
(25, '9604', 3, 12, 2, '2021-2022'),
(26, '9605', 3, 12, 3, '2021-2022'),
(27, '9606', 3, 12, 1, '2022-2023'),
(28, '9607', 3, 12, 2, '2022-2023'),
(29, '9608', 3, 12, 1, '2023-2024'),
(30, '9609', 3, 12, 2, '2023-2024'),
(31, '9700', 4, 12, 1, '2020-2021'),
(32, '9701', 4, 12, 1, '2020-2021'),
(33, '9702', 4, 12, 2, '2020-2021'),
(34, '9703', 4, 12, 1, '2021-2022'),
(35, '9704', 4, 12, 2, '2021-2022'),
(36, '9705', 4, 12, 3, '2021-2022'),
(37, '9706', 4, 12, 1, '2022-2023'),
(38, '9707', 4, 12, 2, '2022-2023'),
(39, '9708', 4, 12, 1, '2023-2024'),
(40, '9709', 4, 12, 2, '2023-2024'),
(41, '9800', 5, 12, 1, '2020-2021'),
(42, '9801', 5, 12, 1, '2020-2021'),
(43, '9802', 5, 12, 2, '2020-2021'),
(44, '9803', 5, 12, 1, '2021-2022'),
(45, '9804', 5, 12, 2, '2021-2022'),
(46, '9805', 5, 12, 3, '2021-2022'),
(47, '9806', 5, 12, 1, '2022-2023'),
(48, '9807', 5, 12, 2, '2022-2023'),
(49, '9808', 5, 12, 1, '2023-2024'),
(50, '9809', 5, 12, 2, '2023-2024'),
(51, '9900', 6, 12, 1, '2020-2021'),
(52, '9901', 6, 12, 1, '2020-2021'),
(53, '9902', 6, 12, 2, '2020-2021'),
(54, '9903', 6, 12, 1, '2021-2022'),
(55, '9904', 6, 12, 2, '2021-2022'),
(56, '9905', 6, 12, 3, '2021-2022'),
(57, '9906', 6, 12, 1, '2022-2023');

-- --------------------------------------------------------

--
-- Table structure for table `programs`
--

DROP TABLE IF EXISTS `programs`;
CREATE TABLE IF NOT EXISTS `programs` (
  `id` int NOT NULL AUTO_INCREMENT,
  `name` varchar(100) CHARACTER SET utf8mb4 COLLATE utf8mb4_unicode_ci NOT NULL,
  PRIMARY KEY (`id`)
) ENGINE=InnoDB AUTO_INCREMENT=51 DEFAULT CHARSET=utf8mb4 COLLATE=utf8mb4_unicode_ci;

--
-- Dumping data for table `programs`
--

INSERT INTO `programs` (`id`, `name`) VALUES
(1, 'BSIT'),
(2, 'BSCS'),
(3, 'BSEE'),
(4, 'BSME'),
(5, 'BSCE'),
(6, 'BSN'),
(7, 'BAE'),
(8, 'BAP'),
(9, 'BABA'),
(10, 'BSA'),
(11, 'BSM'),
(12, 'BSF'),
(13, 'BSHRM'),
(14, 'BSE'),
(15, 'BSB'),
(16, 'BSC'),
(17, 'BSP'),
(18, 'BSM'),
(19, 'BAP'),
(20, 'BAH'),
(21, 'BAPS'),
(22, 'BAS'),
(23, 'BAC'),
(24, 'BAJ'),
(25, 'BAFA'),
(26, 'BM'),
(27, 'BSA'),
(28, 'BSF'),
(29, 'BSF'),
(30, 'BSES'),
(31, 'BSA'),
(32, 'BSID'),
(33, 'BSIE'),
(34, 'BSEE'),
(35, 'BSIS'),
(36, 'BSME'),
(37, 'BSHRM'),
(38, 'BSTM'),
(39, 'BSHM'),
(40, 'BSM'),
(41, 'BSE'),
(42, 'BSEE'),
(43, 'BSSE'),
(44, 'BSSE'),
(45, 'BSPT'),
(46, 'BSOT'),
(47, 'BSP'),
(48, 'BSN'),
(49, 'BSPH'),
(50, 'BSMT');

-- --------------------------------------------------------

--
-- Table structure for table `questions`
--

DROP TABLE IF EXISTS `questions`;
CREATE TABLE IF NOT EXISTS `questions` (
  `id` int NOT NULL AUTO_INCREMENT,
  `question_text` text CHARACTER SET utf8mb4 COLLATE utf8mb4_unicode_ci NOT NULL,
  `difficulty` enum('Easy','Intermediate','Advanced') CHARACTER SET utf8mb4 COLLATE utf8mb4_unicode_ci NOT NULL,
  `points` int NOT NULL,
  `type` enum('alternate-response','identification','multiple-choice') CHARACTER SET utf8mb4 COLLATE utf8mb4_unicode_ci DEFAULT NULL,
  PRIMARY KEY (`id`)
) ENGINE=InnoDB AUTO_INCREMENT=213 DEFAULT CHARSET=utf8mb4 COLLATE=utf8mb4_unicode_ci;

--
-- Dumping data for table `questions`
--

INSERT INTO `questions` (`id`, `question_text`, `difficulty`, `points`, `type`) VALUES
(1, 'What does HTTP stand for?', 'Easy', 1, 'identification'),
(2, 'Which company developed the Android operating system?', 'Easy', 1, 'multiple-choice'),
(3, 'What is the main function of a router?', 'Intermediate', 2, 'multiple-choice'),
(4, 'Which programming language is primarily used for web development?', 'Easy', 1, 'multiple-choice'),
(5, 'What does the acronym SQL stand for?', 'Intermediate', 2, 'identification'),
(6, 'Which of the following is a cloud computing service?', 'Intermediate', 2, 'multiple-choice'),
(7, 'What is the primary purpose of an operating system?', 'Intermediate', 2, 'multiple-choice'),
(8, 'Which of the following is a widely used version control system?', 'Intermediate', 2, 'multiple-choice'),
(9, 'What does VPN stand for?', 'Intermediate', 2, 'identification'),
(10, 'What is the function of a firewall in a network?', 'Advanced', 3, 'multiple-choice'),
(11, 'The first computer virus was created in the 1980s.', 'Easy', 1, 'alternate-response'),
(12, 'HTML stands for HyperText Markup Language.', 'Easy', 1, 'alternate-response'),
(13, 'What does IP stand for in networking?', 'Easy', 1, 'identification'),
(14, 'Java is a compiled programming language.', 'Intermediate', 2, 'alternate-response'),
(15, 'Which device is used to connect a computer to a network?', 'Easy', 1, 'multiple-choice'),
(16, 'The main purpose of a database is to store data.', 'Easy', 1, 'alternate-response'),
(17, 'What is the default port for HTTP?', 'Intermediate', 2, 'identification'),
(18, 'Python is primarily used for web development.', 'Intermediate', 2, 'alternate-response'),
(19, 'Which of the following is a programming paradigm?', 'Intermediate', 2, 'multiple-choice'),
(20, 'What does GUI stand for in computing?', 'Intermediate', 2, 'identification'),
(21, 'Cybersecurity is only a concern for large companies.', 'Easy', 1, 'alternate-response'),
(22, 'What does CSS stand for in web development?', 'Easy', 1, 'identification'),
(23, 'Linux is an open-source operating system.', 'Easy', 1, 'alternate-response'),
(24, 'Which protocol is used for secure data transmission over the internet?', 'Intermediate', 2, 'multiple-choice'),
(25, 'Artificial Intelligence (AI) can only operate within predefined parameters.', 'Intermediate', 2, 'alternate-response'),
(26, 'What is the primary language used for developing iOS applications?', 'Intermediate', 2, 'identification'),
(27, 'Which of the following is a type of malware?', 'Intermediate', 2, 'multiple-choice'),
(28, 'What does DNS stand for?', 'Intermediate', 2, 'identification'),
(29, 'Virtual reality can only be experienced through specialized headsets.', 'Advanced', 3, 'alternate-response'),
(30, 'Which of the following is used for data storage in the cloud?', 'Advanced', 3, 'multiple-choice'),
(31, 'A stack follows the Last In First Out (LIFO) principle.', 'Easy', 1, 'alternate-response'),
(32, 'What is the time complexity of accessing an element in an array?', 'Easy', 1, 'identification'),
(33, 'A binary tree can have at most two children for each node.', 'Easy', 1, 'alternate-response'),
(34, 'Which of the following is not a linear data structure?', 'Intermediate', 2, 'multiple-choice'),
(35, 'What is the space complexity of a recursive algorithm with a depth of recursion n?', 'Intermediate', 2, 'identification'),
(36, 'Quick Sort is a stable sorting algorithm.', 'Intermediate', 2, 'alternate-response'),
(37, 'Which data structure uses the FIFO (First In First Out) principle?', 'Easy', 1, 'identification'),
(38, 'A hash table is used to implement which data structure?', 'Intermediate', 2, 'identification'),
(39, 'The worst-case time complexity of Binary Search is O(n).', 'Intermediate', 2, 'alternate-response'),
(40, 'Which of the following traversal methods visits all nodes of a tree?', 'Advanced', 3, 'multiple-choice'),
(41, 'Depth-First Search (DFS) explores as far as possible along each branch before backtracking.', 'Intermediate', 2, 'alternate-response'),
(42, 'What is the time complexity of merging two sorted arrays into one sorted array?', 'Intermediate', 2, 'identification'),
(43, 'A heap is a complete binary tree where every node follows the min-heap or max-heap property.', 'Intermediate', 2, 'alternate-response'),
(44, 'Which data structure is best suited for implementing recursion?', 'Intermediate', 2, 'multiple-choice'),
(45, 'A red-black tree is a balanced binary search tree.', 'Advanced', 3, 'alternate-response'),
(46, 'What is the best-case time complexity of Quick Sort?', 'Advanced', 3, 'identification'),
(47, 'Which of the following algorithms is used to find the shortest path in a graph?', 'Advanced', 3, 'multiple-choice'),
(48, 'In an adjacency matrix representation of a graph, the space complexity is O(V²).', 'Advanced', 3, 'alternate-response'),
(49, 'Which traversal algorithm is used to convert a binary search tree into a sorted array?', 'Intermediate', 2, 'identification'),
(50, 'Merge Sort divides the array into smaller sub-arrays before merging them back in a sorted manner.', 'Easy', 1, 'alternate-response'),
(51, 'Hand hygiene is the most important practice to prevent healthcare-associated infections.', 'Easy', 1, 'alternate-response'),
(52, 'The normal range for adult blood pressure is 90/60 mmHg to 120/80 mmHg.', 'Easy', 1, 'alternate-response'),
(53, 'Which of the following is a common sign of dehydration in adults?', 'Intermediate', 2, 'multiple-choice'),
(54, 'What is the recommended angle for administering an intramuscular injection?', 'Intermediate', 2, 'identification'),
(55, 'A nursing diagnosis identifies a patient\'s response to health conditions and life processes.', 'Easy', 1, 'alternate-response'),
(56, 'Which of the following medications is an anticoagulant?', 'Intermediate', 2, 'multiple-choice'),
(57, 'The primary purpose of the nursing process is to provide a systematic approach to patient care.', 'Easy', 1, 'alternate-response'),
(58, 'Which vital sign is typically assessed first during a patient assessment?', 'Intermediate', 2, 'identification'),
(59, 'The Glasgow Coma Scale (GCS) is used to assess a patient\'s level of consciousness.', 'Intermediate', 2, 'alternate-response'),
(60, 'Which of the following is a common side effect of opioid medications?', 'Advanced', 3, 'multiple-choice'),
(61, 'Which nursing intervention is most effective in preventing pressure ulcers?', 'Intermediate', 2, 'alternate-response'),
(62, 'A patient with hypertension should limit their intake of which mineral?', 'Intermediate', 2, 'identification'),
(63, 'What is the primary purpose of using sterile gloves?', 'Easy', 1, 'alternate-response'),
(64, 'Which medication is commonly used to treat Type 2 diabetes?', 'Intermediate', 2, 'multiple-choice'),
(65, 'What does the acronym \"CBC\" stand for in laboratory tests?', 'Easy', 1, 'identification'),
(66, 'Which of the following is a sign of anaphylaxis?', 'Advanced', 3, 'multiple-choice'),
(67, 'A nurse should assess the patient for which of the following during a post-operative assessment?', 'Intermediate', 2, 'multiple-choice'),
(68, 'What is the proper order for donning PPE (personal protective equipment)?', 'Advanced', 3, 'identification'),
(69, 'The term \"tachycardia\" refers to which of the following?', 'Intermediate', 2, 'alternate-response'),
(70, 'What is the normal adult range for respiratory rate?', 'Easy', 1, 'multiple-choice'),
(71, 'What is the primary role of the nurse in patient education?', 'Intermediate', 2, 'alternate-response'),
(72, 'Which of the following is a common side effect of opioids?', 'Intermediate', 2, 'multiple-choice'),
(73, 'What does the acronym \"ADLs\" stand for?', 'Easy', 1, 'identification'),
(74, 'What is the normal range for adult blood pressure?', 'Easy', 1, 'multiple-choice'),
(75, 'In which situation should a nurse perform hand hygiene?', 'Intermediate', 2, 'multiple-choice'),
(76, 'What is the best way to assess a patient’s pain level?', 'Advanced', 3, 'identification'),
(77, 'Which assessment finding is most indicative of hypoglycemia?', 'Intermediate', 2, 'alternate-response'),
(78, 'What is the main purpose of the nursing process?', 'Easy', 1, 'identification'),
(79, 'A patient receiving chemotherapy should be monitored for which of the following?', 'Advanced', 3, 'multiple-choice'),
(80, 'What is the appropriate nursing intervention for a patient experiencing shortness of breath?', 'Intermediate', 2, 'multiple-choice'),
(81, 'What is the primary purpose of a nursing care plan?', 'Intermediate', 2, 'identification'),
(82, 'What is the most effective way to prevent hospital-acquired infections?', 'Intermediate', 2, 'multiple-choice'),
(83, 'A patient experiencing chest pain should be assessed for which of the following?', 'Advanced', 3, 'multiple-choice'),
(84, 'What is the normal range for adult heart rate?', 'Easy', 1, 'identification'),
(85, 'Which type of dietary modification is recommended for a patient with heart failure?', 'Intermediate', 2, 'alternate-response'),
(86, 'What is the correct order of operations for taking a blood pressure?', 'Advanced', 3, 'identification'),
(87, 'Which of the following symptoms might indicate dehydration?', 'Intermediate', 2, 'multiple-choice'),
(88, 'What is the primary purpose of wound dressing changes?', 'Easy', 1, 'identification'),
(89, 'A nurse should monitor a patient taking anticoagulants for which of the following?', 'Advanced', 3, 'multiple-choice'),
(90, 'What does the term \"informed consent\" mean in a healthcare context?', 'Intermediate', 2, 'alternate-response'),
(91, 'What is the main purpose of patient advocacy?', 'Intermediate', 2, 'alternate-response'),
(92, 'What should a nurse do if a patient refuses medication?', 'Intermediate', 2, 'identification'),
(93, 'Which of the following is a common complication of immobility?', 'Intermediate', 2, 'multiple-choice'),
(94, 'What does \"SBAR\" stand for in communication?', 'Advanced', 3, 'identification'),
(95, 'Which vital sign is most critical to assess in a patient with respiratory distress?', 'Advanced', 3, 'multiple-choice'),
(96, 'What is the normal range for adult temperature?', 'Easy', 1, 'identification'),
(97, 'In nursing, what is the purpose of a therapeutic relationship?', 'Intermediate', 2, 'alternate-response'),
(98, 'Which of the following best describes the role of a charge nurse?', 'Intermediate', 2, 'multiple-choice'),
(99, 'What is a priority nursing intervention for a patient with a head injury?', 'Advanced', 3, 'multiple-choice'),
(100, 'How should a nurse respond to a patient’s anxiety about surgery?', 'Intermediate', 2, 'alternate-response'),
(101, 'What is Ohm’s Law?', 'Easy', 1, 'identification'),
(102, 'Which of the following is a semiconductor material?', 'Intermediate', 2, 'multiple-choice'),
(103, 'What is the function of a transformer?', 'Intermediate', 2, 'identification'),
(104, 'What is the primary purpose of a circuit breaker?', 'Intermediate', 2, 'multiple-choice'),
(105, 'Which theorem relates to the equivalence of electrical circuits?', 'Advanced', 3, 'alternate-response'),
(106, 'What does the term \"impedance\" refer to in AC circuits?', 'Advanced', 3, 'identification'),
(107, 'In a digital circuit, what does \"logic high\" represent?', 'Easy', 1, 'identification'),
(108, 'Which component is used to store electrical energy?', 'Intermediate', 2, 'multiple-choice'),
(109, 'What is the principle behind electromagnetic induction?', 'Advanced', 3, 'alternate-response'),
(110, 'What is the primary role of a microcontroller in an embedded system?', 'Intermediate', 2, 'identification'),
(111, 'What is Kirchhoff’s Voltage Law?', 'Intermediate', 2, 'identification'),
(112, 'What does a diode do in a circuit?', 'Easy', 1, 'identification'),
(113, 'Which of the following is a passive component?', 'Intermediate', 2, 'multiple-choice'),
(114, 'What is the primary purpose of an oscilloscope?', 'Intermediate', 2, 'alternate-response'),
(115, 'What type of signal is represented by a square wave?', 'Easy', 1, 'identification'),
(116, 'What is the difference between AC and DC?', 'Intermediate', 2, 'multiple-choice'),
(117, 'What is the unit of capacitance?', 'Easy', 1, 'identification'),
(118, 'What is the main function of an operational amplifier?', 'Advanced', 3, 'identification'),
(119, 'Which law states that current is directly proportional to voltage and inversely proportional to resistance?', 'Easy', 1, 'alternate-response'),
(120, 'What is the purpose of grounding in electrical systems?', 'Intermediate', 2, 'identification'),
(121, 'What is a logic gate?', 'Easy', 1, 'identification'),
(122, 'Which of the following represents a digital signal?', 'Intermediate', 2, 'multiple-choice'),
(123, 'What is the purpose of a rectifier?', 'Intermediate', 2, 'identification'),
(124, 'What does the term \"frequency\" refer to?', 'Intermediate', 2, 'identification'),
(125, 'What type of circuit uses both series and parallel components?', 'Advanced', 3, 'alternate-response'),
(126, 'What is the function of a fuse in an electrical circuit?', 'Intermediate', 2, 'identification'),
(127, 'What is the purpose of a transformer in power distribution?', 'Advanced', 3, 'multiple-choice'),
(128, 'Which of the following is used to measure electrical current?', 'Easy', 1, 'identification'),
(129, 'What does a voltage divider do?', 'Intermediate', 2, 'identification'),
(130, 'What is the primary difference between analog and digital signals?', 'Advanced', 3, 'alternate-response'),
(131, 'What is the primary function of a capacitor in a circuit?', 'Intermediate', 2, 'identification'),
(132, 'What does the term \"ground potential\" refer to?', 'Intermediate', 2, 'identification'),
(133, 'Which of the following components can amplify signals?', 'Advanced', 3, 'multiple-choice'),
(134, 'What is the purpose of a relay?', 'Intermediate', 2, 'identification'),
(135, 'What is the main difference between a fuse and a circuit breaker?', 'Intermediate', 2, 'alternate-response'),
(136, 'What is the significance of the power factor in AC circuits?', 'Advanced', 3, 'identification'),
(137, 'What is the purpose of a voltage regulator?', 'Intermediate', 2, 'identification'),
(138, 'In digital electronics, what is a flip-flop?', 'Intermediate', 2, 'identification'),
(139, 'What is the function of a common emitter amplifier?', 'Advanced', 3, 'multiple-choice'),
(140, 'What is the role of inductance in a circuit?', 'Intermediate', 2, 'identification'),
(141, 'What is the maximum voltage rating for a standard electrical outlet?', 'Easy', 1, 'identification'),
(142, 'What type of electrical current is used in most household outlets?', 'Easy', 1, 'identification'),
(143, 'Which of the following best describes a digital-to-analog converter?', 'Advanced', 3, 'multiple-choice'),
(144, 'What is the main purpose of an integrated circuit?', 'Intermediate', 2, 'identification'),
(145, 'Which device is commonly used to switch high voltage circuits?', 'Intermediate', 2, 'multiple-choice'),
(146, 'What is a transient voltage surge?', 'Advanced', 3, 'alternate-response'),
(147, 'What is the basic principle of a synchronous motor?', 'Advanced', 3, 'identification'),
(148, 'What does the term \"short circuit\" refer to?', 'Intermediate', 2, 'identification'),
(149, 'What is the purpose of using a varistor in a circuit?', 'Intermediate', 2, 'identification'),
(150, 'What is the significance of a phase shift in AC circuits?', 'Advanced', 3, 'alternate-response'),
(151, 'What is the accounting equation?', 'Easy', 1, 'identification'),
(152, 'Which of the following is considered a current asset?', 'Intermediate', 2, 'multiple-choice'),
(153, 'What does GAAP stand for?', 'Easy', 1, 'identification'),
(154, 'What is the purpose of a balance sheet?', 'Intermediate', 2, 'identification'),
(155, 'Which financial statement shows revenues and expenses?', 'Easy', 1, 'identification'),
(156, 'What is depreciation?', 'Intermediate', 2, 'identification'),
(157, 'What does a trial balance report?', 'Intermediate', 2, 'identification'),
(158, 'Which of the following is a contra asset account?', 'Advanced', 3, 'multiple-choice'),
(159, 'What is accrual accounting?', 'Advanced', 3, 'identification'),
(160, 'What is the purpose of internal controls?', 'Intermediate', 2, 'identification'),
(161, 'What is the difference between accounts payable and accounts receivable?', 'Intermediate', 2, 'alternate-response'),
(162, 'What is the role of an auditor?', 'Advanced', 3, 'identification'),
(163, 'What is the matching principle?', 'Intermediate', 2, 'identification'),
(164, 'What is a general ledger?', 'Easy', 1, 'identification'),
(165, 'Which of the following is an operating expense?', 'Intermediate', 2, 'multiple-choice'),
(166, 'What is a cash flow statement?', 'Intermediate', 2, 'identification'),
(167, 'What is the purpose of a budget?', 'Easy', 1, 'identification'),
(168, 'Which accounting method recognizes revenue when it is earned?', 'Intermediate', 2, 'identification'),
(169, 'What is the difference between a sole proprietorship and a corporation?', 'Advanced', 3, 'alternate-response'),
(170, 'What is the purpose of financial ratios?', 'Intermediate', 2, 'identification'),
(171, 'What is a trial balance?', 'Easy', 1, 'identification'),
(172, 'Which financial statement summarizes revenue and expenses over a period?', 'Intermediate', 2, 'identification'),
(173, 'What does FIFO stand for in inventory valuation?', 'Intermediate', 2, 'identification'),
(174, 'Which of the following is a measure of liquidity?', 'Intermediate', 2, 'multiple-choice'),
(175, 'What is a non-operating expense?', 'Advanced', 3, 'identification'),
(176, 'What is the purpose of a statement of cash flows?', 'Intermediate', 2, 'identification'),
(177, 'Which accounting concept dictates that expenses should be matched with revenues?', 'Advanced', 3, 'identification'),
(178, 'What is the primary purpose of financial accounting?', 'Easy', 1, 'identification'),
(179, 'What does EBITDA stand for?', 'Advanced', 3, 'identification'),
(180, 'Which type of audit is conducted by an external auditor?', 'Intermediate', 2, 'alternate-response'),
(181, 'What is the significance of the accounts receivable turnover ratio?', 'Advanced', 3, 'identification'),
(182, 'What is goodwill in accounting terms?', 'Intermediate', 2, 'identification'),
(183, 'What is the primary difference between cash basis and accrual basis accounting?', 'Intermediate', 2, 'alternate-response'),
(184, 'What is a budget variance?', 'Intermediate', 2, 'identification'),
(185, 'Which of the following is an example of a financial leverage ratio?', 'Advanced', 3, 'multiple-choice'),
(186, 'What does the term \"liquidity\" refer to in accounting?', 'Easy', 1, 'identification'),
(187, 'What is a subsidiary ledger?', 'Intermediate', 2, 'identification'),
(188, 'What is the role of the International Accounting Standards Board (IASB)?', 'Advanced', 3, 'identification'),
(189, 'What are operating activities in a cash flow statement?', 'Intermediate', 2, 'identification'),
(190, 'What is the significance of the current ratio?', 'Intermediate', 2, 'identification'),
(191, 'What is the purpose of an income statement?', 'Easy', 1, 'identification'),
(192, 'What is a chart of accounts?', 'Intermediate', 2, 'identification'),
(193, 'What is the primary objective of financial reporting?', 'Easy', 1, 'identification'),
(194, 'Which of the following is considered a long-term liability?', 'Intermediate', 2, 'multiple-choice'),
(195, 'What is the difference between fixed and variable costs?', 'Intermediate', 2, 'alternate-response'),
(196, 'What is the role of the Financial Accounting Standards Board (FASB)?', 'Advanced', 3, 'identification'),
(197, 'What is the concept of conservatism in accounting?', 'Advanced', 3, 'identification'),
(198, 'What is a financial forecast?', 'Intermediate', 2, 'identification'),
(199, 'Which accounting principle requires expenses to be recorded when incurred?', 'Intermediate', 2, 'identification'),
(200, 'What is 2+2?', 'Easy', 1, 'multiple-choice'),
(201, 'The Earth is flat', 'Easy', 1, 'alternate-response');

-- --------------------------------------------------------

--
-- Table structure for table `student_class`
--

DROP TABLE IF EXISTS `student_class`;
CREATE TABLE IF NOT EXISTS `student_class` (
  `student_id` int NOT NULL,
  `class_code` varchar(20) CHARACTER SET utf8mb4 COLLATE utf8mb4_general_ci NOT NULL,
  PRIMARY KEY (`student_id`,`class_code`),
  KEY `class_code` (`class_code`)
) ENGINE=InnoDB DEFAULT CHARSET=utf8mb4 COLLATE=utf8mb4_general_ci;

--
-- Dumping data for table `student_class`
--

INSERT INTO `student_class` (`student_id`, `class_code`) VALUES
(4, '9400'),
(5, '9400'),
(7, '9400'),
(8, '9400'),
(14, '9400'),
(15, '9400'),
(16, '9400'),
(23, '9400'),
(32, '9400'),
(34, '9400'),
(72, '9400'),
(80, '9400'),
(85, '9400'),
(114, '9400'),
(119, '9400'),
(123, '9400'),
(153, '9400'),
(173, '9400'),
(29, '9401'),
(31, '9401'),
(32, '9401'),
(33, '9401'),
(34, '9401'),
(35, '9401'),
(36, '9401'),
(37, '9401'),
(39, '9401'),
(40, '9401'),
(42, '9401'),
(44, '9401'),
(45, '9401'),
(1, '9402'),
(4, '9402'),
(5, '9402'),
(6, '9402'),
(7, '9402'),
(8, '9402'),
(9, '9402'),
(10, '9402'),
(13, '9402'),
(14, '9402'),
(15, '9402'),
(16, '9402'),
(17, '9402'),
(18, '9402'),
(19, '9402'),
(20, '9402'),
(21, '9402'),
(23, '9402'),
(24, '9402'),
(25, '9402'),
(26, '9402'),
(29, '9402'),
(30, '9402'),
(31, '9402'),
(1, '9600'),
(4, '9600'),
(5, '9600'),
(6, '9600'),
(7, '9600'),
(8, '9600'),
(9, '9600'),
(10, '9600'),
(13, '9600'),
(14, '9600'),
(15, '9600'),
(16, '9600'),
(17, '9600'),
(18, '9600'),
(19, '9600'),
(20, '9600'),
(21, '9600'),
(23, '9600'),
(24, '9600'),
(25, '9600'),
(26, '9600'),
(29, '9600'),
(30, '9600'),
(31, '9600'),
(44, '9600'),
(50, '9600'),
(51, '9600'),
(52, '9600'),
(53, '9600'),
(54, '9600'),
(56, '9600'),
(60, '9600'),
(62, '9600'),
(63, '9600'),
(64, '9600'),
(65, '9600'),
(66, '9600'),
(68, '9600'),
(70, '9600'),
(71, '9600'),
(72, '9600'),
(81, '9600'),
(112, '9600'),
(214, '9600'),
(222, '9600'),
(1, '9601'),
(4, '9601'),
(5, '9601'),
(6, '9601'),
(7, '9601'),
(8, '9601'),
(9, '9601'),
(10, '9601'),
(14, '9601'),
(15, '9601'),
(16, '9601'),
(17, '9601'),
(18, '9601'),
(19, '9601'),
(20, '9601'),
(21, '9601'),
(23, '9601'),
(24, '9601'),
(25, '9601'),
(26, '9601'),
(29, '9601'),
(30, '9601'),
(31, '9601'),
(1, '9602'),
(4, '9602'),
(5, '9602'),
(6, '9602'),
(7, '9602'),
(8, '9602'),
(9, '9602'),
(10, '9602'),
(13, '9602'),
(14, '9602'),
(15, '9602'),
(16, '9602'),
(17, '9602'),
(18, '9602'),
(19, '9602'),
(20, '9602'),
(21, '9602'),
(23, '9602'),
(24, '9602'),
(25, '9602'),
(26, '9602'),
(29, '9602'),
(30, '9602'),
(31, '9602'),
(1, '9603'),
(30, '9603'),
(1, '9605'),
(2, '9605'),
(1, '9607');

-- --------------------------------------------------------

--
-- Table structure for table `student_responses`
--

DROP TABLE IF EXISTS `student_responses`;
CREATE TABLE IF NOT EXISTS `student_responses` (
  `id` int NOT NULL,
  `student_id` int NOT NULL,
  `assessment_id` int NOT NULL,
  `topic_id` int NOT NULL,
  `question_id` int NOT NULL,
  `answer_text` varchar(255) COLLATE utf8mb4_general_ci NOT NULL,
  `is_correct` varchar(1) COLLATE utf8mb4_general_ci NOT NULL,
  PRIMARY KEY (`id`),
  KEY `student_id` (`student_id`),
  KEY `assessment_id` (`assessment_id`),
  KEY `topic_id` (`topic_id`),
  KEY `question_id` (`question_id`)
) ENGINE=InnoDB DEFAULT CHARSET=utf8mb4 COLLATE=utf8mb4_general_ci;

--
-- Dumping data for table `student_responses`
--

INSERT INTO `student_responses` (`id`, `student_id`, `assessment_id`, `topic_id`, `question_id`, `answer_text`, `is_correct`) VALUES
(1, 1, 3, 1, 1, 'hypertext transfer protocol', '1'),
(2, 1, 3, 1, 2, '3', ''),
(3, 1, 3, 1, 3, '7', '1'),
(4, 1, 3, 1, 4, '12', '1'),
(5, 1, 3, 1, 5, 'Structured query language', '1'),
(6, 1, 1, 1, 1, 'asdf', ''),
(7, 1, 1, 1, 2, '4', '1'),
(8, 1, 1, 1, 3, '7', '1'),
(9, 1, 1, 1, 4, '11', ''),
(10, 1, 1, 1, 5, 'Structured query language', '1'),
(11, 1, 1, 1, 6, '18', ''),
(12, 1, 1, 1, 7, '20', ''),
(13, 1, 1, 1, 8, '26', ''),
(14, 1, 1, 1, 9, 'virtual private network', '1'),
(15, 1, 1, 1, 10, '28', '1'),
(16, 1, 1, 1, 11, 'True', ''),
(17, 1, 1, 1, 12, 'True', ''),
(18, 1, 1, 1, 13, 'internet protocol', '1'),
(19, 1, 1, 1, 14, 'True', ''),
(20, 1, 1, 1, 15, '40', '1'),
(21, 1, 1, 1, 16, 'True', ''),
(22, 1, 1, 1, 17, '80', '1'),
(23, 1, 1, 1, 18, 'False', ''),
(24, 1, 1, 1, 19, '48', '1'),
(25, 1, 1, 1, 20, 'gasdfad', ''),
(26, 1, 1, 1, 21, 'True', ''),
(27, 1, 1, 1, 22, 'cascading style sheets', '1'),
(28, 1, 1, 1, 23, 'True', ''),
(29, 1, 1, 1, 24, '60', '1'),
(30, 1, 1, 1, 25, 'True', ''),
(31, 1, 1, 1, 26, 'Flutter', ''),
(32, 1, 1, 1, 27, '65', '1'),
(33, 1, 1, 1, 28, 'domain name server', ''),
(34, 1, 1, 1, 29, 'True', ''),
(35, 1, 1, 1, 30, '72', '1'),
(36, 1, 2, 1, 1, 'hypertext transfer protocol', '1'),
(37, 1, 2, 1, 2, '2', ''),
(38, 1, 2, 1, 3, '6', ''),
(39, 1, 2, 1, 4, '12', '1'),
(40, 4, 3, 1, 1, 'asdfasdf', ''),
(41, 4, 3, 1, 2, '3', ''),
(42, 4, 3, 1, 3, '8', ''),
(43, 4, 3, 1, 4, '12', '1'),
(44, 4, 3, 1, 5, 'asdfasdf', ''),
(45, 4, 1, 1, 1, '4512341234', ''),
(46, 4, 1, 1, 2, '3', ''),
(47, 4, 1, 1, 3, '9', ''),
(48, 4, 1, 1, 4, '10', ''),
(49, 4, 1, 1, 5, 'Structured query language', '1'),
(50, 4, 1, 1, 6, '17', ''),
(51, 4, 1, 1, 7, '22', ''),
(52, 4, 1, 1, 8, '25', ''),
(53, 4, 1, 1, 9, 'virtual private network', '1'),
(54, 4, 1, 1, 10, '29', ''),
(55, 4, 1, 1, 11, 'True', ''),
(56, 4, 1, 1, 12, 'True', ''),
(57, 4, 1, 1, 13, 'internet protocol', '1'),
(58, 4, 1, 1, 14, 'False', ''),
(59, 4, 1, 1, 15, '40', '1'),
(60, 4, 1, 1, 16, 'True', ''),
(61, 4, 1, 1, 17, '80', '1'),
(62, 4, 1, 1, 18, 'True', ''),
(63, 4, 1, 1, 19, '49', ''),
(64, 4, 1, 1, 20, 'gasdfad', ''),
(65, 4, 1, 1, 21, 'True', ''),
(66, 4, 1, 1, 22, 'cascading style sheets', '1'),
(67, 4, 1, 1, 23, 'True', ''),
(68, 4, 1, 1, 24, '60', '1'),
(69, 4, 1, 1, 25, 'True', ''),
(70, 4, 1, 1, 26, 'Flutter', ''),
(71, 4, 1, 1, 27, '65', '1'),
(72, 4, 1, 1, 28, 'domain name server', ''),
(73, 4, 1, 1, 29, 'True', ''),
(74, 4, 1, 1, 30, '73', ''),
(75, 4, 2, 1, 1, 'hypertext transfer protocol', '1'),
(76, 4, 2, 1, 2, '4', '1'),
(77, 4, 2, 1, 3, '8', ''),
(78, 4, 2, 1, 4, '12', '1'),
(79, 5, 3, 1, 1, 'hypertext transfer protocol', '1'),
(80, 5, 3, 1, 2, '4', '1'),
(81, 5, 3, 1, 3, '7', '1'),
(82, 5, 3, 1, 4, '12', '1'),
(83, 5, 3, 1, 5, 'Structured query language', '1'),
(84, 5, 2, 1, 1, 'hypertext transfer protocol', '1'),
(85, 5, 2, 1, 2, '4', '1'),
(86, 5, 2, 1, 3, '7', '1'),
(87, 5, 2, 1, 4, '12', '1'),
(88, 1, 6, 6, 1, 'hypertext transfer protocol', '1'),
(89, 1, 6, 6, 2, '4', '1'),
(90, 1, 6, 6, 3, '7', '1'),
(91, 1, 6, 6, 4, '12', '1'),
(92, 1, 6, 6, 5, 'Structured query language', '1'),
(93, 2, 6, 6, 1, 'asdf', ''),
(94, 2, 6, 6, 2, '2', ''),
(95, 2, 6, 6, 3, '6', ''),
(96, 2, 6, 6, 4, '10', ''),
(97, 2, 6, 6, 5, 'a', '');

-- --------------------------------------------------------

--
-- Table structure for table `topics`
--

DROP TABLE IF EXISTS `topics`;
CREATE TABLE IF NOT EXISTS `topics` (
  `id` int NOT NULL AUTO_INCREMENT,
  `topic` varchar(255) CHARACTER SET utf8mb4 COLLATE utf8mb4_general_ci NOT NULL,
  `class_code` varchar(255) COLLATE utf8mb4_general_ci NOT NULL,
  PRIMARY KEY (`id`),
  KEY `fk_topic_class_code` (`class_code`)
) ENGINE=InnoDB AUTO_INCREMENT=12 DEFAULT CHARSET=utf8mb4 COLLATE=utf8mb4_general_ci;

--
-- Dumping data for table `topics`
--

INSERT INTO `topics` (`id`, `topic`, `class_code`) VALUES
(1, 'Data Structures', '9601'),
(2, 'asdfasdf', '9600'),
(3, 'gfhdhgrd', '9601'),
(4, 'kuyrjyhfvjh', '9601'),
(5, 'asdfasdf', '9601'),
(6, 'Programming', '9603'),
(7, 'asdf', '9605'),
(8, '1', '9607');

-- --------------------------------------------------------

--
-- Table structure for table `topic_assessments`
--

DROP TABLE IF EXISTS `topic_assessments`;
CREATE TABLE IF NOT EXISTS `topic_assessments` (
  `topic_id` int NOT NULL,
  `assessment_id` int NOT NULL,
  `is_published` tinyint DEFAULT '0',
  `evaluation_start` datetime DEFAULT NULL,
  `evaluation_end` datetime DEFAULT NULL,
  `can_view` tinyint DEFAULT '0',
  PRIMARY KEY (`topic_id`,`assessment_id`),
  KEY `assessment_id` (`assessment_id`)
) ENGINE=InnoDB DEFAULT CHARSET=utf8mb4 COLLATE=utf8mb4_general_ci;

--
-- Dumping data for table `topic_assessments`
--

INSERT INTO `topic_assessments` (`topic_id`, `assessment_id`, `is_published`, `evaluation_start`, `evaluation_end`, `can_view`) VALUES
(1, 2, 1, '2024-12-18 00:05:00', '2024-12-19 00:05:00', 1),
(2, 5, 1, '2024-12-17 10:52:00', '2024-12-18 10:52:00', 1),
(2, 6, 0, NULL, NULL, 0),
(6, 6, 1, '2024-12-09 19:06:00', '2024-12-10 19:06:00', 0),
(7, 2, 1, '2024-12-09 19:37:00', '2024-12-10 19:37:00', 0),
(8, 5, 1, '2024-12-17 10:53:00', '2024-12-18 10:54:00', 0),
(8, 6, 1, '2024-12-17 11:21:00', '2024-12-17 13:22:00', 1);

-- --------------------------------------------------------

--
-- Table structure for table `users`
--

DROP TABLE IF EXISTS `users`;
CREATE TABLE IF NOT EXISTS `users` (
  `id` int NOT NULL AUTO_INCREMENT,
  `password` varchar(255) CHARACTER SET utf8mb4 COLLATE utf8mb4_unicode_ci NOT NULL,
  `email` varchar(100) CHARACTER SET utf8mb4 COLLATE utf8mb4_unicode_ci NOT NULL,
  `first_name` varchar(50) CHARACTER SET utf8mb4 COLLATE utf8mb4_unicode_ci NOT NULL,
  `last_name` varchar(50) CHARACTER SET utf8mb4 COLLATE utf8mb4_unicode_ci NOT NULL,
  `user_type` enum('Student','Faculty','Admin') CHARACTER SET utf8mb4 COLLATE utf8mb4_unicode_ci NOT NULL,
  PRIMARY KEY (`id`),
  UNIQUE KEY `email` (`email`)
) ENGINE=InnoDB AUTO_INCREMENT=256 DEFAULT CHARSET=utf8mb4 COLLATE=utf8mb4_unicode_ci;

--
-- Dumping data for table `users`
--

INSERT INTO `users` (`id`, `password`, `email`, `first_name`, `last_name`, `user_type`) VALUES
(1, '$2y$10$.Vjpuq4cvFe/LKfluAYgxehktA1em6XamUUJ7rJPYLvGnuyP0d2SS', '2230000@slu.edu.ph', 'Lebron', 'Galamay', 'Student'),
(2, '456', '2230001@slu.edu.ph', 'Minerva', 'Lopez', 'Student'),
(3, '789', '2230002@slu.edu.ph', 'Arthur', 'Santos', 'Faculty'),
(4, '101112', '2230003@slu.edu.ph', 'Isabela', 'Cruz', 'Student'),
(5, '131415', '2230004@slu.edu.ph', 'Raphael', 'Bautista', 'Student'),
(6, '161718', '2230005@slu.edu.ph', 'Cassandra', 'Mendoza', 'Student'),
(7, '192021', '2230006@slu.edu.ph', 'Dominic', 'David', 'Student'),
(8, '222324', '2230007@slu.edu.ph', 'Beatrice', 'dela Cruz', 'Student'),
(9, '252627', '2230008@slu.edu.ph', 'Aaron', 'Guerrero', 'Student'),
(10, '282930', '2230009@slu.edu.ph', 'Charlotte', 'Tan', 'Student'),
(11, '313233', '2230010@slu.edu.ph', 'Ezekiel', 'Garcia', 'Admin'),
(12, '$2y$10$983VotJ8pAGlFAUQeRNX.uKSWKJ4yHfXGgF9P7i/LWZma9lyS8dIm', '2230011@slu.edu.ph', 'Ron', 'Flordeliz', 'Admin'),
(13, '123', '2230012@slu.edu.ph', 'Andrei', 'Alcido', 'Student'),
(14, '123', '2230013@slu.edu.ph', 'Marc', 'Del Carpio', 'Student'),
(15, '123', '2230014@slu.edu.ph', 'Perry', 'Dela Cruz', 'Student'),
(16, '123', '2230015@slu.edu.ph', 'Frandcelle', 'Doria', 'Student'),
(17, '345', '2230016@slu.edu.ph', 'Samuel', 'Perez', 'Student'),
(18, '678', '2230017@slu.edu.ph', 'Bianca', 'Torres', 'Student'),
(19, '91011', '2230018@slu.edu.ph', 'Gabriel', 'Villanueva', 'Student'),
(20, '121314', '2230019@slu.edu.ph', 'Sophia', 'Magtoto', 'Student'),
(21, '151617', '2230020@slu.edu.ph', 'Lucas', 'Navarro', 'Student'),
(22, '181920', '2230021@slu.edu.ph', 'Emilio', 'Ramos', 'Faculty'),
(23, '212223', '2230022@slu.edu.ph', 'Sabrina', 'Alvarez', 'Student'),
(24, '242526', '2230023@slu.edu.ph', 'Diana', 'Martinez', 'Student'),
(25, '272829', '2230024@slu.edu.ph', 'Noah', 'De Leon', 'Student'),
(26, '303132', '2230025@slu.edu.ph', 'Isabel', 'Ocampo', 'Student'),
(27, '333435', '2230026@slu.edu.ph', 'Michael', 'Rivera', 'Admin'),
(28, '363738', '2230027@slu.edu.ph', 'Felix', 'Soriano', 'Faculty'),
(29, '394041', '2230028@slu.edu.ph', 'Anna', 'Fernandez', 'Student'),
(30, '424344', '2230029@slu.edu.ph', 'Oliver', 'Bermudez', 'Student'),
(31, '454647', '2230030@slu.edu.ph', 'Mia', 'Gonzalez', 'Student'),
(32, '484950', '2230031@slu.edu.ph', 'John', 'Castillo', 'Student'),
(33, '515253', '2230032@slu.edu.ph', 'Liam', 'Padilla', 'Student'),
(34, '545556', '2230033@slu.edu.ph', 'Elijah', 'Castro', 'Student'),
(35, '575859', '2230034@slu.edu.ph', 'Ava', 'Espinosa', 'Student'),
(36, '606162', '2230035@slu.edu.ph', 'Sophia', 'Marquez', 'Student'),
(37, '636465', '2230036@slu.edu.ph', 'James', 'Salvador', 'Student'),
(38, '666768', '2230037@slu.edu.ph', 'Victoria', 'Rodriguez', 'Faculty'),
(39, '697071', '2230038@slu.edu.ph', 'Sebastian', 'Reyes', 'Student'),
(40, '727374', '2230039@slu.edu.ph', 'Chloe', 'Luna', 'Student'),
(41, '757677', '2230040@slu.edu.ph', 'Benjamin', 'Aguilar', 'Student'),
(42, '787980', '2230041@slu.edu.ph', 'Ella', 'Ortiz', 'Student'),
(43, '818283', '2230042@slu.edu.ph', 'Julian', 'Santiago', 'Faculty'),
(44, '848586', '2230043@slu.edu.ph', 'Emily', 'Domingo', 'Student'),
(45, '878889', '2230044@slu.edu.ph', 'Daniel', 'Gutierrez', 'Student'),
(46, '909192', '2230045@slu.edu.ph', 'Abigail', 'Suarez', 'Student'),
(47, '939495', '2230046@slu.edu.ph', 'Nathan', 'Morales', 'Student'),
(48, '969798', '2230047@slu.edu.ph', 'Zoe', 'Tomas', 'Student'),
(49, '991001', '2230048@slu.edu.ph', 'Isaac', 'Mendoza', 'Admin'),
(50, '102103', '2230049@slu.edu.ph', 'Scarlett', 'Silva', 'Student'),
(51, '104105', '2230050@slu.edu.ph', 'Ethan', 'Del Rosario', 'Student'),
(52, '106107', '2230051@slu.edu.ph', 'Mila', 'Reyes', 'Student'),
(53, '108109', '2230052@slu.edu.ph', 'Levi', 'Cabrera', 'Student'),
(54, '110111', '2230053@slu.edu.ph', 'Lily', 'Pineda', 'Student'),
(55, '112113', '2230054@slu.edu.ph', 'Gabriel', 'Guzman', 'Faculty'),
(56, '114115', '2230055@slu.edu.ph', 'Aria', 'Delos Santos', 'Student'),
(57, '116117', '2230056@slu.edu.ph', 'Christopher', 'Torres', 'Student'),
(58, '118119', '2230057@slu.edu.ph', 'Grace', 'Flores', 'Student'),
(59, '120121', '2230058@slu.edu.ph', 'Matthew', 'Valdez', 'Student'),
(60, '122123', '2230059@slu.edu.ph', 'Violet', 'Ferrer', 'Student'),
(61, '124125', '2230060@slu.edu.ph', 'Henry', 'Ortiz', 'Admin'),
(62, '126127', '2230061@slu.edu.ph', 'Bella', 'Martinez', 'Student'),
(63, '128129', '2230062@slu.edu.ph', 'Luca', 'Ramos', 'Student'),
(64, '130131', '2230063@slu.edu.ph', 'Layla', 'Santos', 'Student'),
(65, '132133', '2230064@slu.edu.ph', 'Alexander', 'David', 'Student'),
(66, '134135', '2230065@slu.edu.ph', 'Nora', 'Aguilar', 'Student'),
(67, '136137', '2230066@slu.edu.ph', 'Jack', 'Bautista', 'Faculty'),
(68, '138139', '2230067@slu.edu.ph', 'Hazel', 'Rivera', 'Student'),
(69, '140141', '2230068@slu.edu.ph', 'Samuel', 'Vega', 'Student'),
(70, '142143', '2230069@slu.edu.ph', 'Isla', 'Moreno', 'Student'),
(71, '144145', '2230070@slu.edu.ph', 'Mason', 'Delos Reyes', 'Student'),
(72, '146147', '2230071@slu.edu.ph', 'Aurora', 'Castillo', 'Student'),
(73, '148149', '2230072@slu.edu.ph', 'Logan', 'Cruz', 'Admin'),
(74, '150151', '2230073@slu.edu.ph', 'Penelope', 'Manalo', 'Student'),
(75, '152153', '2230074@slu.edu.ph', 'David', 'Hernandez', 'Student'),
(76, '154155', '2230075@slu.edu.ph', 'Maya', 'Garcia', 'Student'),
(77, '156157', '2230076@slu.edu.ph', 'Joseph', 'Villanueva', 'Student'),
(78, '158159', '2230077@slu.edu.ph', 'Ellie', 'Soriano', 'Student'),
(79, '160161', '2230078@slu.edu.ph', 'Caleb', 'Dela Rosa', 'Faculty'),
(80, '162163', '2230079@slu.edu.ph', 'Ivy', 'Fernandez', 'Student'),
(81, '164165', '2230080@slu.edu.ph', 'Lucas', 'Dizon', 'Student'),
(82, '166167', '2230081@slu.edu.ph', 'Clara', 'Sanchez', 'Student'),
(83, '168169', '2230082@slu.edu.ph', 'Owen', 'Ramirez', 'Student'),
(84, '170171', '2230083@slu.edu.ph', 'Lucy', 'Flores', 'Student'),
(85, '172173', '2230084@slu.edu.ph', 'Asher', 'Cortez', 'Student'),
(86, '174175', '2230085@slu.edu.ph', 'Alice', 'Tan', 'Admin'),
(87, '176177', '2230086@slu.edu.ph', 'Eli', 'Santos', 'Student'),
(88, '178179', '2230087@slu.edu.ph', 'Stella', 'Bautista', 'Student'),
(89, '180181', '2230088@slu.edu.ph', 'Wyatt', 'Navarro', 'Student'),
(90, '182183', '2230089@slu.edu.ph', 'Emily', 'Lopez', 'Student'),
(91, '184185', '2230090@slu.edu.ph', 'Isaiah', 'Morales', 'Student'),
(92, '186187', '2230091@slu.edu.ph', 'Lillian', 'Salazar', 'Student'),
(93, '188189', '2230092@slu.edu.ph', 'Sebastian', 'Gomez', 'Faculty'),
(94, '190191', '2230093@slu.edu.ph', 'Madeline', 'Domingo', 'Student'),
(95, '192193', '2230094@slu.edu.ph', 'William', 'Luna', 'Student'),
(96, '194195', '2230095@slu.edu.ph', 'Sofia', 'Gutierrez', 'Student'),
(97, '196197', '2230096@slu.edu.ph', 'Noah', 'Manalo', 'Student'),
(98, '198199', '2230097@slu.edu.ph', 'Ruby', 'Torres', 'Student'),
(99, '200201', '2230098@slu.edu.ph', 'Jacob', 'David', 'Admin'),
(100, '202203', '2230099@slu.edu.ph', 'Amelia', 'Perez', 'Student'),
(101, '204205', '2230100@slu.edu.ph', 'Oliver', 'Marquez', 'Student'),
(102, '206207', '2230101@slu.edu.ph', 'Evelyn', 'Ramos', 'Student'),
(103, '208209', '2230102@slu.edu.ph', 'Aiden', 'Del Rosario', 'Student'),
(104, '210211', '2230103@slu.edu.ph', 'Sophia', 'Ferrer', 'Student'),
(105, '212213', '2230104@slu.edu.ph', 'Jackson', 'Mendoza', 'Faculty'),
(106, '214215', '2230105@slu.edu.ph', 'Scarlett', 'Rodriguez', 'Student'),
(107, '216217', '2230106@slu.edu.ph', 'Henry', 'Aguilar', 'Student'),
(108, '218219', '2230107@slu.edu.ph', 'Victoria', 'Pineda', 'Student'),
(109, '220221', '2230108@slu.edu.ph', 'Daniel', 'Delos Santos', 'Admin'),
(110, '222223', '2230109@slu.edu.ph', 'Chloe', 'Navarro', 'Student'),
(111, '224225', '2230110@slu.edu.ph', 'Mason', 'Villanueva', 'Student'),
(112, '226227', '2230111@slu.edu.ph', 'Isla', 'Domingo', 'Student'),
(113, '228229', '2230112@slu.edu.ph', 'Wyatt', 'Vega', 'Student'),
(114, '230231', '2230113@slu.edu.ph', 'Ella', 'Dela Cruz', 'Student'),
(115, '232233', '2230114@slu.edu.ph', 'Levi', 'Hernandez', 'Student'),
(116, '234235', '2230115@slu.edu.ph', 'Luna', 'Rivera', 'Faculty'),
(117, '236237', '2230116@slu.edu.ph', 'Ethan', 'Ramos', 'Student'),
(118, '238239', '2230117@slu.edu.ph', 'Mila', 'Perez', 'Student'),
(119, '240241', '2230118@slu.edu.ph', 'Elijah', 'Castillo', 'Student'),
(120, '242243', '2230119@slu.edu.ph', 'Harper', 'Cruz', 'Student'),
(121, '244245', '2230120@slu.edu.ph', 'Zoe', 'Gomez', 'Student'),
(122, '246247', '2230121@slu.edu.ph', 'Benjamin', 'Santiago', 'Faculty'),
(123, '248249', '2230122@slu.edu.ph', 'Emily', 'Aguilar', 'Student'),
(124, '250251', '2230123@slu.edu.ph', 'Samuel', 'Espinosa', 'Student'),
(125, '252253', '2230124@slu.edu.ph', 'Hazel', 'Martinez', 'Admin'),
(126, '254255', '2230125@slu.edu.ph', 'Gabriel', 'Luna', 'Student'),
(127, '256257', '2230126@slu.edu.ph', 'Anna', 'Padilla', 'Student'),
(128, '258259', '2230127@slu.edu.ph', 'Sebastian', 'Navarro', 'Student'),
(129, '260261', '2230128@slu.edu.ph', 'Grace', 'Morales', 'Student'),
(130, '262263', '2230129@slu.edu.ph', 'Alexander', 'Tan', 'Faculty'),
(131, '264265', '2230130@slu.edu.ph', 'Lily', 'Domingo', 'Student'),
(132, '266267', '2230131@slu.edu.ph', 'Lucas', 'Bautista', 'Student'),
(133, '268269', '2230132@slu.edu.ph', 'Emma', 'Santos', 'Student'),
(134, '270271', '2230133@slu.edu.ph', 'James', 'Del Rosario', 'Student'),
(135, '272273', '2230134@slu.edu.ph', 'Olivia', 'Morales', 'Student'),
(136, '274275', '2230135@slu.edu.ph', 'William', 'Marquez', 'Student'),
(137, '276277', '2230136@slu.edu.ph', 'Isabella', 'Lopez', 'Student'),
(138, '278279', '2230137@slu.edu.ph', 'Lucas', 'Cruz', 'Student'),
(139, '280281', '2230138@slu.edu.ph', 'Ava', 'Hernandez', 'Student'),
(140, '282283', '2230139@slu.edu.ph', 'Mason', 'Ramirez', 'Student'),
(141, '284285', '2230140@slu.edu.ph', 'Mia', 'Delos Santos', 'Student'),
(142, '286287', '2230141@slu.edu.ph', 'Ethan', 'Gomez', 'Student'),
(143, '288289', '2230142@slu.edu.ph', 'Sophia', 'Padilla', 'Student'),
(144, '290291', '2230143@slu.edu.ph', 'Jacob', 'Navarro', 'Student'),
(145, '292293', '2230144@slu.edu.ph', 'Amelia', 'Villanueva', 'Student'),
(146, '294295', '2230145@slu.edu.ph', 'Michael', 'Garcia', 'Student'),
(147, '296297', '2230146@slu.edu.ph', 'Harper', 'Santiago', 'Student'),
(148, '298299', '2230147@slu.edu.ph', 'Elijah', 'Reyes', 'Student'),
(149, '300301', '2230148@slu.edu.ph', 'Abigail', 'Cabrera', 'Student'),
(150, '302303', '2230149@slu.edu.ph', 'Lucas', 'Pineda', 'Student'),
(151, '304305', '2230150@slu.edu.ph', 'Charlotte', 'Aguilar', 'Student'),
(152, '306307', '2230151@slu.edu.ph', 'Daniel', 'Soriano', 'Student'),
(153, '308309', '2230152@slu.edu.ph', 'Scarlett', 'Ferrer', 'Student'),
(154, '310311', '2230153@slu.edu.ph', 'Oliver', 'Manalo', 'Student'),
(155, '312313', '2230154@slu.edu.ph', 'Emily', 'Tomas', 'Student'),
(156, '314315', '2230155@slu.edu.ph', 'Henry', 'Perez', 'Student'),
(157, '316317', '2230156@slu.edu.ph', 'Evelyn', 'Garcia', 'Student'),
(158, '318319', '2230157@slu.edu.ph', 'Levi', 'Torres', 'Student'),
(159, '320321', '2230158@slu.edu.ph', 'Isla', 'Santos', 'Student'),
(160, '322323', '2230159@slu.edu.ph', 'Madeline', 'Mendoza', 'Student'),
(161, '324325', '2230160@slu.edu.ph', 'Sebastian', 'Lopez', 'Student'),
(162, '326327', '2230161@slu.edu.ph', 'Nora', 'Marquez', 'Student'),
(163, '328329', '2230162@slu.edu.ph', 'Logan', 'Gomez', 'Student'),
(164, '330331', '2230163@slu.edu.ph', 'Mila', 'Cruz', 'Student'),
(165, '332333', '2230164@slu.edu.ph', 'Hazel', 'Reyes', 'Student'),
(166, '334335', '2230165@slu.edu.ph', 'Owen', 'Navarro', 'Student'),
(167, '336337', '2230166@slu.edu.ph', 'Victoria', 'Ramirez', 'Student'),
(168, '338339', '2230167@slu.edu.ph', 'Caleb', 'Delos Santos', 'Student'),
(169, '340341', '2230168@slu.edu.ph', 'Aurora', 'Villanueva', 'Student'),
(170, '342343', '2230169@slu.edu.ph', 'Benjamin', 'Garcia', 'Student'),
(171, '344345', '2230170@slu.edu.ph', 'Penelope', 'Padilla', 'Student'),
(172, '346347', '2230171@slu.edu.ph', 'Samuel', 'Santiago', 'Student'),
(173, '348349', '2230172@slu.edu.ph', 'Luna', 'Aguilar', 'Student'),
(174, '350351', '2230173@slu.edu.ph', 'Eli', 'Morales', 'Student'),
(175, '352353', '2230174@slu.edu.ph', 'Lillian', 'Manalo', 'Student'),
(176, '354355', '2230175@slu.edu.ph', 'Gabriel', 'Soriano', 'Student'),
(177, '356357', '2230176@slu.edu.ph', 'Aiden', 'Cabrera', 'Student'),
(178, '358359', '2230177@slu.edu.ph', 'Zoe', 'Ferrer', 'Student'),
(179, '360361', '2230178@slu.edu.ph', 'Stella', 'Pineda', 'Student'),
(180, '362363', '2230179@slu.edu.ph', 'Isaac', 'Lopez', 'Student'),
(181, '364365', '2230180@slu.edu.ph', 'Avery', 'Perez', 'Student'),
(182, '366367', '2230181@slu.edu.ph', 'Oliver', 'Mendoza', 'Student'),
(183, '368369', '2230182@slu.edu.ph', 'Liam', 'Torres', 'Student'),
(184, '370371', '2230183@slu.edu.ph', 'Amelia', 'Del Rosario', 'Student'),
(185, '372373', '2230184@slu.edu.ph', 'Jackson', 'Santos', 'Student'),
(186, '374375', '2230185@slu.edu.ph', 'Chloe', 'Delos Reyes', 'Student'),
(187, '376377', '2230186@slu.edu.ph', 'Noah', 'Manalo', 'Student'),
(188, '378379', '2230187@slu.edu.ph', 'Avery', 'David', 'Student'),
(189, '380381', '2230188@slu.edu.ph', 'Grace', 'Cruz', 'Student'),
(190, '382383', '2230189@slu.edu.ph', 'Elijah', 'Santiago', 'Student'),
(191, '384385', '2230190@slu.edu.ph', 'Victoria', 'Villanueva', 'Student'),
(192, '386387', '2230191@slu.edu.ph', 'James', 'Reyes', 'Student'),
(193, '388389', '2230192@slu.edu.ph', 'Aria', 'Cabrera', 'Student'),
(194, '390391', '2230193@slu.edu.ph', 'Nathan', 'Aguilar', 'Student'),
(195, '392393', '2230194@slu.edu.ph', 'Scarlett', 'Padilla', 'Student'),
(196, '394395', '2230195@slu.edu.ph', 'Lily', 'Delos Santos', 'Student'),
(197, '396397', '2230196@slu.edu.ph', 'Logan', 'Navarro', 'Student'),
(198, '398399', '2230197@slu.edu.ph', 'Emily', 'Ramirez', 'Student'),
(199, '400401', '2230198@slu.edu.ph', 'Liam', 'Pineda', 'Student'),
(200, '402403', '2230199@slu.edu.ph', 'Charlotte', 'Soriano', 'Student'),
(201, '404405', '2230200@slu.edu.ph', 'Matthew', 'Garcia', 'Student'),
(202, '406407', '2230201@slu.edu.ph', 'Zoe', 'Tomas', 'Student'),
(203, '408409', '2230202@slu.edu.ph', 'Jack', 'Marquez', 'Student'),
(204, '410411', '2230203@slu.edu.ph', 'Sophia', 'Manalo', 'Student'),
(205, '412413', '2230204@slu.edu.ph', 'Ethan', 'Morales', 'Student'),
(206, '414415', '2230205@slu.edu.ph', 'Abigail', 'Cabrera', 'Student'),
(207, '416417', '2230206@slu.edu.ph', 'Samuel', 'Delos Reyes', 'Student'),
(208, '418419', '2230207@slu.edu.ph', 'Grace', 'Del Rosario', 'Student'),
(209, '420421', '2230208@slu.edu.ph', 'Madison', 'Perez', 'Student'),
(210, '422423', '2230209@slu.edu.ph', 'Wyatt', 'Gomez', 'Student'),
(211, '424425', '2230210@slu.edu.ph', 'Lucas', 'Torres', 'Student'),
(212, '426427', '2230211@slu.edu.ph', 'Ella', 'Villanueva', 'Student'),
(213, '428429', '2230212@slu.edu.ph', 'Henry', 'Ramirez', 'Student'),
(214, '430431', '2230213@slu.edu.ph', 'Mila', 'Delos Santos', 'Student'),
(215, '432433', '2230214@slu.edu.ph', 'Levi', 'Hernandez', 'Student'),
(216, '434435', '2230215@slu.edu.ph', 'Aiden', 'Santos', 'Student'),
(217, '436437', '2230216@slu.edu.ph', 'Luna', 'Garcia', 'Student'),
(218, '438439', '2230217@slu.edu.ph', 'Elijah', 'Delos Reyes', 'Student'),
(219, '440441', '2230218@slu.edu.ph', 'Aria', 'Aguilar', 'Student'),
(220, '442443', '2230219@slu.edu.ph', 'Daniel', 'Manalo', 'Student'),
(221, '444445', '2230220@slu.edu.ph', 'Sophia', 'Padilla', 'Student'),
(222, '446447', '2230221@slu.edu.ph', 'Owen', 'Delos Santos', 'Student'),
(223, '448449', '2230222@slu.edu.ph', 'Amelia', 'Marquez', 'Student'),
(224, '450451', '2230223@slu.edu.ph', 'Jack', 'David', 'Student'),
(225, '452453', '2230224@slu.edu.ph', 'Victoria', 'Santiago', 'Student'),
(226, '454455', '2230225@slu.edu.ph', 'Michael', 'Navarro', 'Student'),
(227, '456457', '2230226@slu.edu.ph', 'Hazel', 'Ramirez', 'Student'),
(228, '458459', '2230227@slu.edu.ph', 'Benjamin', 'Del Rosario', 'Student'),
(229, '460461', '2230228@slu.edu.ph', 'Leah', 'Torres', 'Student'),
(230, '462463', '2230229@slu.edu.ph', 'Mason', 'Santos', 'Student'),
(231, '464465', '2230230@slu.edu.ph', 'Stella', 'Hernandez', 'Student'),
(232, '466467', '2230231@slu.edu.ph', 'Ella', 'Pineda', 'Student');

--
-- Constraints for dumped tables
--

--
-- Constraints for table `assessment_questions`
--
ALTER TABLE `assessment_questions`
  ADD CONSTRAINT `assessment_questions_ibfk_1` FOREIGN KEY (`assessment_id`) REFERENCES `assessments` (`id`) ON DELETE CASCADE ON UPDATE CASCADE,
  ADD CONSTRAINT `assessment_questions_ibfk_2` FOREIGN KEY (`question_id`) REFERENCES `questions` (`id`) ON DELETE CASCADE ON UPDATE CASCADE;

--
-- Constraints for table `choices`
--
ALTER TABLE `choices`
  ADD CONSTRAINT `choices_ibfk_1` FOREIGN KEY (`question_id`) REFERENCES `questions` (`id`);

--
-- Constraints for table `classes`
--
ALTER TABLE `classes`
  ADD CONSTRAINT `classes_ibfk_1` FOREIGN KEY (`program_id`) REFERENCES `programs` (`id`) ON DELETE CASCADE ON UPDATE CASCADE,
  ADD CONSTRAINT `classes_ibfk_2` FOREIGN KEY (`faculty_id`) REFERENCES `users` (`id`);

--
-- Constraints for table `student_class`
--
ALTER TABLE `student_class`
  ADD CONSTRAINT `student_class_ibfk_1` FOREIGN KEY (`student_id`) REFERENCES `users` (`id`),
  ADD CONSTRAINT `student_class_ibfk_2` FOREIGN KEY (`class_code`) REFERENCES `classes` (`class_code`) ON DELETE CASCADE ON UPDATE CASCADE;

--
-- Constraints for table `topics`
--
ALTER TABLE `topics`
  ADD CONSTRAINT `fk_topic_class_code` FOREIGN KEY (`class_code`) REFERENCES `classes` (`class_code`) ON DELETE CASCADE ON UPDATE CASCADE;
COMMIT;

/*!40101 SET CHARACTER_SET_CLIENT=@OLD_CHARACTER_SET_CLIENT */;
/*!40101 SET CHARACTER_SET_RESULTS=@OLD_CHARACTER_SET_RESULTS */;
/*!40101 SET COLLATION_CONNECTION=@OLD_COLLATION_CONNECTION */;
